
-- Tabla COMUNA
CREATE TABLE Comuna (
    Id_Comuna SERIAL PRIMARY KEY,
    Nombre_comuna VARCHAR(50) NOT NULL
);

-- Tabla CLIENTE
CREATE TABLE Cliente (
    Id_Cliente SERIAL PRIMARY KEY,
    Nombre_Cliente VARCHAR(30) NOT NULL,
    Appaterno_Cliente VARCHAR(30) NOT NULL,
    Apmaterno_Cliente VARCHAR(30),
    Fecha_Nac DATE NOT NULL,
    Genero VARCHAR(25) NOT NULL,
    Direccion_Cliente VARCHAR(75) NOT NULL,
    comuna_Id_Comuna INT NOT NULL,
    CONSTRAINT fk_comuna FOREIGN KEY (comuna_Id_Comuna) REFERENCES Comuna(Id_Comuna)
);

-- Tabla SUCURSAL
CREATE TABLE Sucursal (
    Id_Sucursal SERIAL PRIMARY KEY,
    Nombre_Sucursal VARCHAR(50) NOT NULL,
    Direccion_Suc VARCHAR(50) NOT NULL,
    Hra_Apertura TIME NOT NULL,
    Hra_Cerrado TIME NOT NULL
);

-- Tabla PAGO 
CREATE TABLE Pago (
    Id_Pago SERIAL PRIMARY KEY,
    Metodo_Pago VARCHAR(30) NOT NULL
);

-- Tabla COMPRA
CREATE TABLE Compra (
    Id_Compra SERIAL PRIMARY KEY,
    Fecha_Compra DATE NOT NULL,
    Hora_Compra TIME NOT NULL,
    cliente_Id_Cliente INT NOT NULL,
    sucursal_Id_Sucursal INT NOT NULL,
    pago_Id_Pago INT NOT NULL,
    CONSTRAINT fk_cliente FOREIGN KEY (cliente_Id_Cliente) REFERENCES Cliente(Id_Cliente),
    CONSTRAINT fk_sucursal FOREIGN KEY (sucursal_Id_Sucursal) REFERENCES Sucursal(Id_Sucursal),
    CONSTRAINT fk_pago FOREIGN KEY (pago_Id_Pago) REFERENCES Pago(Id_Pago)
);

-- Tabla CATEGORIA_PRODUCTO
CREATE TABLE Categoria_Producto (
    Id_Categoria SERIAL PRIMARY KEY,
    Nombre_Categoria VARCHAR(50) NOT NULL
);

-- Tabla PRODUCTO
CREATE TABLE Producto (
    Id_Producto SERIAL PRIMARY KEY,
    Nombre_Producto VARCHAR(50) NOT NULL,
    Precio NUMERIC(10, 2) NOT NULL,
    Descripcion VARCHAR(150) NOT NULL,
    categoria_producto_Id_Categoria INT NOT NULL,
    CONSTRAINT fk_categoria FOREIGN KEY (categoria_producto_Id_Categoria) REFERENCES Categoria_Producto(Id_Categoria)
);

-- Tabla DETALLE_COMPRA
CREATE TABLE Detalle_Compra (
    Id_Detalle SERIAL PRIMARY KEY,
    Cantidad INT NOT NULL,
    producto_Id_Producto INT NOT NULL,
    compra_Id_Compra INT NOT NULL,
    CONSTRAINT fk_producto FOREIGN KEY (producto_Id_Producto) REFERENCES Producto(Id_Producto),
    CONSTRAINT fk_compra FOREIGN KEY (compra_Id_Compra) REFERENCES Compra(Id_Compra)
);

-- Tabla PREFERENCIA_CLIENTE
CREATE TABLE Preferencia_Cliente (
    Id_Preferencia SERIAL PRIMARY KEY,
    Id_Cliente INT NOT NULL,
    Id_Producto_Favorito INT NOT NULL,
    Frecuencia_Compra VARCHAR(50),
    Comentario VARCHAR(200),
    Valoracion INT CHECK (Valoracion BETWEEN 1 AND 7),
    CONSTRAINT fk_cliente_pref FOREIGN KEY (Id_Cliente) REFERENCES Cliente(Id_Cliente),
    CONSTRAINT fk_producto_fav FOREIGN KEY (Id_Producto_Favorito) REFERENCES Producto(Id_Producto)
);

 -- Poblado de tablas


INSERT INTO Comuna (Nombre_comuna)
	VALUES('Puerto Montt'),
	    ('Puerto Varas'),
            ('Calbuco'),
            ('LLanquihue'),
            ('Frutillar');
INSERT INTO Categoria_Producto(Nombre_Categoria)
			VALUES('Buckets'),
            ('Para compartir'),
            ('Twister'),
            ('Sandwich'),
            ('Acompañamientos'),
            ('Postres'),
            ('Bebidas');
INSERT INTO Pago(Metodo_pago)
			VALUES('Efectivo'),
				('Debito'),
                ('Credito');
INSERT INTO Sucursal(Nombre_Sucursal,Direccion_Suc,Hra_Apertura,Hra_Cerrado)
		VALUES('KFC Paseo del Mar','Urmeneta 580','10:00:00','20:00:00'),
				('KFC Paseo Costanera','Illapel 10','10:00:00','20:00:00'),
                ('KFC Outlet Alerce','Av. Ferrocarril 2001','10:00:00','20:00:00'),
                ('KFC CC Munita','Monseñor Ramon Munita 1600','11:00:00','22:00:00')
			;
--productos de bucket de pollo            
INSERT INTO Producto (Nombre_Producto, Precio, Descripcion, categoria_producto_Id_Categoria) VALUES
('Bucket 8 Presas', 19500, '8 Presas crispy', 1),
('Bucket 9 Strips', 16900, '9 Chicken strips', 1),
('Bucket 12 Strips', 19900, '12 Chicken strips', 1),
('Bucket 14 Alitas', 19500, '14 Alitas crispy', 1),
('Bucket 16 Strips', 25100, '16 Chicken strips', 1),
('Mixto Clásico', 13900, '5 Strips, 4 Alitas', 1),
('Mixto Supremo', 18100, '6 Strips, 6 Alitas', 1),
('Mixto XL', 22800, '8 Strips, 8 Alitas', 1);
--producto para compartir
INSERT INTO Producto (Nombre_Producto, Precio, Descripcion, categoria_producto_Id_Categoria) VALUES
('Chicken Share Alitas Combo', 15900, '10 Alitas, 2 papas regulares, 2 gaseosas en lata', 2),
('Chicken Share 8 Strips Combo', 16900, '8 Chicken strips, 2 papas regulares, 2 gaseosas en lata', 2),
('Chicken Share 8 Strips', 13900, '8 Chicken strips', 2),
('Chicken Share Mixto', 12900, '4 Chicken strips, 4 alitas crispy', 2),
('Pop Chicken Share Combo', 15900, 'Chicken share pop, 2 papas fritas regulares, 2 gaseosas en lata', 2);

--prodcutos twister 
INSERT INTO Producto (Nombre_Producto, Precio, Descripcion, categoria_producto_Id_Categoria) VALUES
('Twister Italiano', 6700, 'Twister italiano con palta, tomate y mayonesa', 3),
('Twister Clásico', 6700, 'Twister clásico con tomate, lechuga y mayonesa', 3);
--productos sandwich

INSERT INTO Producto (Nombre_Producto, Precio, Descripcion, categoria_producto_Id_Categoria) VALUES
('Kentucky Chicken Sandwich', 4700, 'Sandwich 100% pechuga de pollo crispy, mayonesa, pepinillo y pan brioche', 4),
('Chicken Sandwich Deluxe', 5600, 'Sandwich 100% pechuga de pollo crispy, queso, lechuga, tomate, mayonesa', 4),
('Chicken Sandwich Italiano', 5600, 'Sandwich 100% pechuga de pollo crispy, palta, tomate, mayonesa', 4),
('Crispy BBQ Sandwich', 6600, 'Sandwich 100% pechuga de pollo crispy, tocino, queso cheddar, salsa BBQ', 4);

--acompañamioentos
INSERT INTO Producto (Nombre_Producto, Precio, Descripcion, categoria_producto_Id_Categoria) VALUES
('10 Empanadas', 2900, 'Empanadas con masa crujiente rellena de queso', 5),
('Papa Frita Familiar', 4190, 'Papas frescas naturales finamente cortadas', 5),
('Popcorn Mediano', 2900, 'Mini trozos de pollo apanados', 5);

--postres
INSERT INTO Producto (Nombre_Producto, Precio, Descripcion, categoria_producto_Id_Categoria) VALUES
('Avalancha Oreo Chocolate', 2390, 'Helado de vainilla con oreo y salsa de chocolate', 6),
('Avalancha Oreo Manjar', 2390, 'Helado de vainilla con oreo y salsa de manjar', 6),
('Sundae Manjar DY', 1690, 'Helado de vainilla con salsa de manjar', 6),
('Sundae Chocolate DY', 1690, 'Helado de vainilla con salsa de chocolate', 6);

-- bebidas
INSERT INTO Producto (Nombre_Producto, Precio, Descripcion, categoria_producto_Id_Categoria) VALUES
('Kem en Lata', 2100, 'Gaseosa en lata', 7),
('Bilz en Lata', 2100, 'Gaseosa en lata', 7),
('Pap en Lata', 2100, 'Gaseosa en lata', 7),
('Pepsi Zero en Lata', 2100, 'Gaseosa en lata', 7),
('Pepsi en Lata', 2100, 'Gaseosa en lata', 7),
('Red Bull Energy Drink', 2190, 'Red Bull Clásica', 7);


-- datos de clientes

-- 500 CLIENTES
INSERT INTO Cliente (Id_Cliente, Nombre_Cliente, Appaterno_Cliente, Apmaterno_Cliente, Fecha_Nac, Genero, Direccion_Cliente, comuna_Id_Comuna) VALUES
(1, 'Mauricio', 'Figueroa', 'Figueroa', '1996-01-20', 'Masculino', 'Calle Cristian Martin 9', 3),
(2, 'Venceslás', 'Vásquez', 'Muñoz', '2005-05-10', 'Masculino', 'Plaza Ximena Gomez 4 Piso 6 ', 5),
(3, 'Brunilda', 'Ibarra', 'Baeza', '1997-11-06', 'Femenino', 'C. Jacinta Capdevila 22 Apt. 14 ', 1),
(4, 'Felipa', 'Bustamante', 'Saavedra', '2006-07-19', 'Femenino', 'Acceso Águeda Blazquez 3 Apt. 68 ', 2),
(5, 'Eva María', 'Larraín', 'Muñoz', '1999-02-09', 'Femenino', 'Vial de Teodora Mata 245', 1),
(6, 'Elpidio', 'Sanhueza', 'Donoso', '1994-06-13', 'Masculino', 'Callejón de Obdulia Benito 3 Puerta 2 ', 4),
(7, 'Feliciano', 'Leiva', 'Flores', '2003-08-17', 'Masculino', 'Cuesta de Ofelia Bautista 7 Puerta 4 ', 1),
(8, 'Camilo', 'Ibarra', 'Muñoz', '1983-07-31', 'Masculino', 'Rambla María Fernanda Plaza 85 Piso 7 ', 1),
(9, 'Nélida', 'Chávez', 'Navarro', '1992-11-30', 'Femenino', 'Urbanización Rodolfo Riquelme 978 Piso 8 ', 1),
(10, 'Julio', 'Baeza', 'Olivares', '1994-05-08', 'Masculino', 'Avenida de Custodia Robles 293', 5),
(11, 'Custodia', 'Quiroz', 'Moreno', '1971-11-16', 'Femenino', 'Plaza Primitivo Sáez 11', 1),
(12, 'Xavier', 'Bustos', 'Tapia', '1995-11-05', 'Masculino', 'Cañada Édgar Cobos 463 Apt. 02 ', 3),
(13, 'Azahara', 'Peña', 'Fuentes', '1994-03-20', 'Femenino', 'Plaza de Josefa Rodriguez 20', 2),
(14, 'Narcisa', 'Carrasco', 'Peña', '1996-02-03', 'Femenino', 'Rambla de Amor Collado 22', 4),
(15, 'Donato', 'Peña', 'Ibarra', '2006-07-19', 'Masculino', 'Vial de María Del Carmen Esparza 92', 1),
(16, 'Paco', 'Miranda', 'Alarcón', '1960-10-25', 'Masculino', 'Alameda de Vicente Alcalde 31 Apt. 09 ', 1),
(17, 'Remigio', 'Sanhueza', 'Reyes', '1997-08-28', 'Masculino', 'C. Pepita Roda 58', 4),
(18, 'Ágata', 'Larraín', 'Peña', '1981-02-03', 'Femenino', 'Ronda Faustino Llabrés 9 Piso 2 ', 5),
(19, 'Ramiro', 'Rodríguez', 'Bustos', '2004-09-10', 'Masculino', 'Urbanización Ruben Espejo 891 Piso 5 ', 4),
(20, 'Montserrat', 'Alarcón', 'Figueroa', '2007-02-24', 'Femenino', 'Rambla de Baltasar Pera 53 Apt. 11 ', 3),
(21, 'Gerardo', 'Catalán', 'Sanhueza', '1981-02-15', 'Masculino', 'Urbanización Lope Cánovas 411 Puerta 0 ', 1),
(22, 'Reyes', 'Godoy', 'Larraín', '1996-06-10', 'Masculino', 'Paseo Heriberto Antúnez 24 Puerta 9 ', 1),
(23, 'Amada', 'Sanhueza', 'Alvarado', '2006-01-24', 'Femenino', 'Calle Maxi Buendía 60 Piso 6 ', 4),
(24, 'Josué', 'López', 'Valenzuela', '1995-09-06', 'Masculino', 'Acceso de Efraín Cabanillas 96 Apt. 82 ', 3),
(25, 'Aitana', 'Ramírez', 'Jara', '1995-02-06', 'Femenino', 'Camino de Ruperta Arcos 32 Puerta 7 ', 1),
(26, 'Aníbal', 'Riquelme', 'San Martín', '2000-05-30', 'Masculino', 'Glorieta Noemí Chico 98', 1),
(27, 'Pastora', 'Gallardo', 'Durán', '1984-02-17', 'Femenino', 'Vial de Norberto Manso 79 Apt. 63 ', 4),
(28, 'Cristóbal', 'Alvarado', 'Durán', '1992-02-16', 'Masculino', 'Camino Eulalia Valencia 1', 1),
(29, 'Bienvenida', 'Torres', 'Araya', '2010-04-12', 'Femenino', 'Cuesta Ciríaco Sanz 52 Apt. 14 ', 2),
(30, 'Luis', 'Muñoz', 'Zúñiga', '1999-11-10', 'Masculino', 'Avenida Gastón Serna 57 Piso 2 ', 2),
(31, 'Beatriz', 'Escobar', 'Zamorano', '1998-01-28', 'Femenino', 'Acceso Rosa María Madrid 36 Piso 5 ', 2),
(32, 'José María', 'Zúñiga', 'Figueroa', '1998-05-16', 'Masculino', 'Avenida de Isabel Reyes 174 Puerta 0 ', 2),
(33, 'Perla', 'Carrasco', 'Jara', '1997-04-25', 'Femenino', 'Vial Reyna Calzada 36', 2),
(34, 'Mariana', 'Contreras', 'Paredes', '1996-11-24', 'Femenino', 'C. Sandra Sevilla 6', 2),
(35, 'Josefa', 'Espinoza', 'Pérez', '1993-12-21', 'Femenino', 'Avenida Geraldo Campoy 46 Piso 5 ', 1),
(36, 'Anacleto', 'Núñez', 'Rodríguez', '2000-10-22', 'Masculino', 'Glorieta de Julia Tamayo 5 Piso 0 ', 2),
(37, 'Magdalena', 'Valdés', 'Salazar', '1995-08-22', 'Femenino', 'Glorieta Miguel Angulo 660 Piso 7 ', 1),
(38, 'Clotilde', 'Zúñiga', 'Cisternas', '1992-07-14', 'Femenino', 'Ronda Julián Iniesta 31', 3),
(39, 'Anastasia', 'Durán', 'Aguilera', '1992-10-07', 'Femenino', 'Cañada Samanta Sanmiguel 48 Puerta 4 ', 1),
(40, 'Catalina', 'Ibarra', 'Quiroz', '2006-05-08', 'Femenino', 'Ronda Octavio Martinez 63', 1),
(41, 'Hugo', 'Flores', 'Torres', '2002-12-25', 'Masculino', 'Ronda Pedro Porcel 9 Puerta 3 ', 1),
(42, 'Antonio', 'Andrade', 'Navarro', '1998-03-29', 'Masculino', 'Alameda de Alberto Contreras 82', 1),
(43, 'Teresa', 'Delgado', 'Alvarado', '1976-10-27', 'Femenino', 'Callejón de Azahar Acevedo 82', 1),
(44, 'Miguel', 'Bustos', 'Larraín', '1995-02-02', 'Masculino', 'Glorieta Marcia Expósito 38', 1),
(45, 'Marcelo', 'Quiroz', 'Escobar', '1993-11-16', 'Masculino', 'Glorieta de Graciano Alcaraz 15', 3),
(46, 'Eutropio', 'Araya', 'Baeza', '1999-06-05', 'Masculino', 'Cuesta Florencia Sarmiento 66 Piso 8 ', 1),
(47, 'Ignacio', 'Zamorano', 'Paredes', '1996-01-12', 'Masculino', 'Rambla Álvaro Romero 92 Puerta 2 ', 3),
(48, 'Kike', 'Bravo', 'González', '1999-12-08', 'Masculino', 'Ronda de Fabiana Luque 211 Apt. 09 ', 3),
(49, 'Úrsula', 'Valdivia', 'Navarro', '1983-12-02', 'Femenino', 'Paseo de Cornelio Saldaña 590', 2),
(50, 'Tamara', 'Núñez', 'Fuenzalida', '1996-12-02', 'Femenino', 'Pasaje Carmen Piquer 4', 1),
(51, 'Tatiana', 'López', 'Cortés', '2002-12-20', 'Femenino', 'Pasaje de Seve Priego 6', 1),
(52, 'Ricarda', 'Rivera', 'Aguilera', '2001-09-15', 'Femenino', 'Callejón de Marino Ribera 70 Apt. 00 ', 4),
(53, 'Calista', 'Hernández', 'Barraza', '2001-04-24', 'Femenino', 'Alameda de Francisco Ropero 78 Apt. 96 ', 3),
(54, 'Saturnina', 'Gallardo', 'Bravo', '2001-07-11', 'Femenino', 'C. Luisa Durán 95 Apt. 63 ', 3),
(55, 'Augusto', 'Leiva', 'Pérez', '2000-03-23', 'Masculino', 'Camino Milagros Pou 38', 5),
(56, 'Felix', 'Cáceres', 'Núñez', '1993-09-10', 'Masculino', 'Plaza Ulises Alberdi 920', 1),
(57, 'Águeda', 'Peña', 'Aguilera', '1996-07-22', 'Femenino', 'Vial Wilfredo Palma 43 Piso 3 ', 1),
(58, 'Lupe', 'Navarro', 'Delgado', '1995-05-15', 'Femenino', 'Callejón de Georgina Aznar 31', 1),
(59, 'Mauricio', 'Martínez', 'Vásquez', '2006-06-28', 'Masculino', 'Pasaje Áurea Casado 3', 5),
(60, 'Epifanio', 'Guerrero', 'Cáceres', '1973-10-07', 'Masculino', 'Avenida Ana Belén Pardo 26', 1),
(61, 'Jose Luis', 'Paredes', 'Bustamante', '1995-04-27', 'Masculino', 'Avenida de Amanda Benito 76', 2),
(62, 'Victor', 'Izquierdo', 'Tapia', '1992-10-22', 'Masculino', 'Rambla Marc Agustín 19 Apt. 55 ', 3),
(63, 'Julie', 'Zamorano', 'Orellana', '1994-02-16', 'Femenino', 'Pasadizo Manuela Iñiguez 4', 1),
(64, 'Marcio', 'Mendoza', 'Andrade', '2005-07-01', 'Masculino', 'Glorieta Roxana Patiño 4', 5),
(65, 'Ale', 'Muñoz', 'Cortés', '1981-10-31', 'Femenino', 'Avenida Luisa Castañeda 84', 1),
(66, 'Chus', 'Henríquez', 'Salinas', '2001-07-26', 'Femenino', 'Pasaje de Marcia Valcárcel 78 Apt. 42 ', 1),
(67, 'Conrado', 'Alvarado', 'Andrade', '2002-03-14', 'Masculino', 'Via de Dalila Mesa 83 Piso 7 ', 5),
(68, 'Ileana', 'Peña', 'Valdés', '1997-02-08', 'Femenino', 'Via de Elvira Piñol 63 Piso 1 ', 1),
(69, 'Javiera', 'Zúñiga', 'Escobar', '1976-08-30', 'Femenino', 'Camino de Sebastián Marin 785', 3),
(70, 'Ale', 'Rivera', 'Soto', '1997-08-05', 'Femenino', 'Ronda de Morena Estevez 23', 1),
(71, 'Concepción', 'Núñez', 'Sanhueza', '2004-03-02', 'Femenino', 'Vial de Melisa Miralles 1 Piso 0 ', 4),
(72, 'Plinio', 'Rojas', 'Delgado', '1969-11-03', 'Masculino', 'Camino de Natalia Montoya 28', 1),
(73, 'Gabriela', 'Godoy', 'Cortés', '2002-10-09', 'Femenino', 'Via Chelo Lobo 719', 5),
(74, 'Néstor', 'Durán', 'Miranda', '2003-04-10', 'Masculino', 'Alameda de Hector Figueras 8 Piso 0 ', 1),
(75, 'Eli', 'Alvarez', 'Hernández', '1997-12-02', 'Femenino', 'Pasaje Francisco Javier Morillo 163', 1),
(76, 'Elodia', 'Navarro', 'Farías', '2001-06-27', 'Femenino', 'Cañada de Eleuterio Quevedo 9', 2),
(77, 'Ágata', 'Izquierdo', 'Salazar', '2005-01-10', 'Femenino', 'Plaza de Buenaventura Soriano 7', 1),
(78, 'Porfirio', 'Baeza', 'Ortega', '2006-10-14', 'Masculino', 'Acceso de Salomón Bernal 157 Piso 4 ', 1),
(79, 'Obdulia', 'Leiva', 'Valdés', '2000-12-14', 'Femenino', 'Acceso Esmeralda Calderon 4 Apt. 02 ', 1),
(80, 'Aránzazu', 'Quiroz', 'Alarcón', '1997-10-25', 'Femenino', 'Rambla Chus Feijoo 18 Puerta 0 ', 1),
(81, 'Efraín', 'Baeza', 'Vergara', '1994-06-01', 'Masculino', 'Calle Marco Benavides 75', 5),
(82, 'Elba', 'Chávez', 'Ibarra', '2005-03-18', 'Femenino', 'Camino Édgar Carretero 35', 1),
(83, 'Renato', 'López', 'Zúñiga', '1997-02-03', 'Masculino', 'Via de Azahara Álamo 89 Puerta 7 ', 1),
(84, 'Enrique', 'Leiva', 'Saavedra', '2000-10-24', 'Masculino', 'Avenida Juan Luis Marti 6 Puerta 3 ', 3),
(85, 'Narciso', 'Valenzuela', 'Alarcón', '1993-03-01', 'Masculino', 'Avenida Ana Belén Barrena 40', 4),
(86, 'Joaquín', 'Godoy', 'Zúñiga', '2006-05-03', 'Masculino', 'Cuesta Cruz Niño 99 Puerta 5 ', 2),
(87, 'Pía', 'Fuenzalida', 'Henríquez', '2004-10-19', 'Femenino', 'Pasadizo Curro Castillo 75 Piso 9 ', 1),
(88, 'José María', 'Escobar', 'Delgado', '2005-09-06', 'Masculino', 'Avenida Leopoldo Rocha 24 Apt. 71 ', 1),
(89, 'Petrona', 'Godoy', 'Toledo', '1994-08-04', 'Femenino', 'Pasaje Glauco Lasa 8', 1),
(90, 'Natalio', 'Moreno', 'Catalán', '1998-01-14', 'Masculino', 'Callejón de Diego Blasco 46 Apt. 68 ', 1),
(91, 'Irene', 'Henríquez', 'Escobar', '2004-01-04', 'Femenino', 'Pasaje Leandro Pelayo 1 Puerta 6 ', 1),
(92, 'Pío', 'Aravena', 'Riquelme', '1976-06-22', 'Masculino', 'Cañada Gonzalo Quevedo 59 Puerta 9 ', 4),
(93, 'Leire', 'Gallardo', 'San Martín', '1996-01-10', 'Femenino', 'Calle Flavia Ibarra 4 Apt. 00 ', 3),
(94, 'Lucio', 'Hernández', 'Catalán', '2001-10-02', 'Masculino', 'Paseo Cosme Llorens 79', 5),
(95, 'Genoveva', 'Miranda', 'Gallardo', '2000-11-20', 'Femenino', 'Callejón Ana Sofía Fuster 63', 2),
(96, 'Merche', 'Barraza', 'Bustamante', '1985-10-14', 'Femenino', 'Via Gil Vaquero 474 Apt. 51 ', 1),
(97, 'Celso', 'Parra', 'San Martín', '2003-09-01', 'Masculino', 'Vial de Albert Sánchez 15 Apt. 41 ', 1),
(98, 'Carlota', 'Iturra', 'Chávez', '2007-03-10', 'Femenino', 'Cuesta de Dalila Abella 83', 4),
(99, 'Aura', 'San Martín', 'Vásquez', '2002-07-08', 'Femenino', 'Urbanización de Beatriz Vaquero 22', 3),
(100, 'Aureliano', 'Cortés', 'Navarro', '2001-10-17', 'Masculino', 'Cuesta de Macaria Orozco 547 Piso 7 ', 1),
(101, 'Adolfo', 'Aravena', 'Sanhueza', '1988-05-11', 'Masculino', 'Alameda de Tatiana Villaverde 571 Puerta 8 ', 1),
(102, 'Pascuala', 'Baeza', 'Meza', '2005-02-23', 'Femenino', 'Ronda Roberta Giménez 85', 1),
(103, 'Albino', 'Silva', 'Gutiérrez', '2006-09-22', 'Masculino', 'Glorieta de Marcela Borrell 26 Piso 8 ', 4),
(104, 'Vinicio', 'Hernández', 'Salazar', '1995-06-12', 'Masculino', 'Callejón Visitación Oller 76 Piso 4 ', 1),
(105, 'Claudio', 'Guerrero', 'Tapia', '1984-07-10', 'Masculino', 'Ronda Natalia Sanz 254 Apt. 72 ', 1),
(106, 'Joan', 'Farías', 'Mendoza', '2000-03-12', 'Masculino', 'Paseo de Graciana Cánovas 57', 1),
(107, 'Ana Sofía', 'Toledo', 'Escobar', '1987-05-01', 'Femenino', 'Pasaje Apolinar Gelabert 29 Apt. 74 ', 1),
(108, 'Abilio', 'Vásquez', 'Salazar', '1967-12-14', 'Masculino', 'Calle José Cervera 94 Puerta 8 ', 4),
(109, 'Calixta', 'Muñoz', 'Sepúlveda', '2004-07-23', 'Femenino', 'Glorieta Toni Berrocal 13 Piso 5 ', 1),
(110, 'Edelmiro', 'San Martín', 'Aravena', '2002-05-02', 'Masculino', 'C. de Vera Cabañas 54 Apt. 96 ', 3),
(111, 'Nidia', 'Parra', 'Lagos', '1960-06-06', 'Femenino', 'Glorieta Josué Cerdá 48 Piso 4 ', 1),
(112, 'Aristides', 'Godoy', 'Paredes', '2000-10-14', 'Masculino', 'C. Micaela Rueda 3 Puerta 7 ', 3),
(113, 'Ovidio', 'Escobar', 'Vergara', '2000-10-20', 'Masculino', 'Acceso de Teófilo Soler 86 Apt. 80 ', 2),
(114, 'Raquel', 'Delgado', 'Zamorano', '1994-12-03', 'Femenino', 'Cañada Miriam Herrera 385', 2),
(115, 'Martín', 'Figueroa', 'Farías', '2007-01-16', 'Masculino', 'C. Edgardo Quintana 8 Puerta 7 ', 3),
(116, 'Simón', 'Izquierdo', 'Gutiérrez', '1999-07-13', 'Masculino', 'Callejón Paula Campo 29', 1),
(117, 'Samanta', 'Espinoza', 'Alvarado', '1961-10-21', 'Femenino', 'Calle de Domingo Vicente 4 Puerta 2 ', 5),
(118, 'Lisandro', 'Sanhueza', 'Peña', '1993-04-06', 'Masculino', 'Urbanización Teresa Cortes 14 Piso 9 ', 3),
(119, 'Noemí', 'Carrasco', 'Leiva', '1996-09-07', 'Femenino', 'Plaza Ezequiel Carrillo 413', 2),
(120, 'Aránzazu', 'Barraza', 'López', '1997-12-22', 'Femenino', 'C. de Bartolomé Carro 86', 5),
(121, 'Catalina', 'Ortega', 'Cáceres', '1980-05-10', 'Femenino', 'Pasaje de Rosa María Casal 12', 1),
(122, 'Cirino', 'Delgado', 'Alvarado', '2001-08-15', 'Masculino', 'Pasadizo Manuela Fonseca 57', 1),
(123, 'Espiridión', 'Vega', 'Reyes', '1993-03-09', 'Masculino', 'Acceso de Guadalupe Llopis 26', 5),
(124, 'Jesús', 'Alvarado', 'Riquelme', '1996-11-30', 'Masculino', 'Plaza Loreto Sebastián 7 Apt. 94 ', 2),
(125, 'Alexandra', 'Delgado', 'Contreras', '2003-02-26', 'Femenino', 'Acceso Emilio Solé 14 Apt. 58 ', 1),
(126, 'Tatiana', 'Salazar', 'Olivares', '1999-05-22', 'Femenino', 'Pasadizo de Rosario Vilalta 3', 4),
(127, 'Nacio', 'Fernández', 'Araya', '2002-08-18', 'Masculino', 'Pasaje de Ligia Chaves 74 Apt. 76 ', 1),
(128, 'Jonatan', 'Muñoz', 'Valdivia', '2005-02-10', 'Masculino', 'Vial de José Morante 795', 4),
(129, 'Anabel', 'San Martín', 'Venegas', '2004-07-07', 'Femenino', 'Urbanización Clemente Camino 67', 5),
(130, 'Pía', 'Olivares', 'Paredes', '2007-09-17', 'Femenino', 'Rambla Luisa Plana 11', 1),
(131, 'María José', 'Espinoza', 'Bustamante', '2000-09-26', 'Femenino', 'Avenida Vasco Perelló 602', 1),
(132, 'Baltasar', 'Chávez', 'Figueroa', '1995-03-21', 'Masculino', 'Vial de Febe Folch 84 Piso 4 ', 4),
(133, 'Daniel', 'Bustos', 'López', '1997-09-08', 'Masculino', 'Pasadizo de Nydia Fernandez 1', 2),
(134, 'Maxi', 'Contreras', 'Parra', '1994-03-09', 'Masculino', 'Calle Nélida Checa 6', 3),
(135, 'Remedios', 'Reyes', 'Sanhueza', '2002-11-26', 'Femenino', 'Rambla de Isabel Álvarez 43', 1),
(136, 'Marianela', 'Ramírez', 'Barraza', '1980-05-13', 'Femenino', 'Acceso de Esperanza Cervera 8 Piso 6 ', 1),
(137, 'Trinidad', 'Andrade', 'Aravena', '1992-07-20', 'Femenino', 'Pasadizo Marc Cabrero 8', 1),
(138, 'David', 'Ramírez', 'Valdés', '1998-07-11', 'Masculino', 'Urbanización Paca Manjón 66 Apt. 24 ', 4),
(139, 'Angelita', 'López', 'Cáceres', '1994-01-16', 'Femenino', 'C. de Esperanza Barberá 819', 2),
(140, 'Álvaro', 'Núñez', 'Romero', '2005-09-30', 'Masculino', 'Alameda Tadeo Julián 15', 1),
(141, 'Buenaventura', 'Sanhueza', 'Durán', '2003-09-08', 'Masculino', 'Urbanización Ana Beltran 690 Apt. 69 ', 1),
(142, 'Pepita', 'Peña', 'Ortega', '2005-02-12', 'Femenino', 'Vial de Kike Arnaiz 1', 3),
(143, 'Leonor', 'Valdés', 'Muñoz', '2010-01-02', 'Femenino', 'Ronda de Ale Mateos 10', 1),
(144, 'Alba', 'Andrade', 'Fuentes', '2002-04-17', 'Femenino', 'Plaza de Carmina Toledo 7', 1),
(145, 'Rodolfo', 'Fernández', 'Bravo', '1997-11-15', 'Masculino', 'Ronda de Carmela Cervera 8', 1),
(146, 'Azahara', 'Bustamante', 'San Martín', '1997-06-05', 'Femenino', 'Glorieta de Olegario Rueda 4 Apt. 19 ', 1),
(147, 'Adelina', 'Izquierdo', 'Torres', '1997-09-18', 'Femenino', 'Plaza Samanta Iborra 2 Apt. 27 ', 5),
(148, 'Cipriano', 'San Martín', 'Ibarra', '1973-10-15', 'Masculino', 'Acceso de Eligia Hidalgo 72', 1),
(149, 'Julia', 'Hernández', 'Arellano', '2003-03-03', 'Femenino', 'Avenida Josué Fuster 45', 4),
(150, 'Isidora', 'López', 'Zúñiga', '1993-03-26', 'Femenino', 'Paseo de Luís Hidalgo 945 Puerta 1 ', 1),
(151, 'Amando', 'Larraín', 'Cuevas', '1989-11-05', 'Masculino', 'Callejón de Cayetano Frutos 48 Piso 8 ', 3),
(152, 'Clementina', 'Muñoz', 'Sepúlveda', '2006-08-06', 'Femenino', 'Calle Joel Sacristán 11 Piso 0 ', 1),
(153, 'Elpidio', 'Núñez', 'Silva', '1993-10-08', 'Masculino', 'Avenida de Benito Lorenzo 167 Piso 6 ', 1),
(154, 'Isidora', 'Miranda', 'Martínez', '1992-07-10', 'Femenino', 'C. Gerónimo Rosa 104', 1),
(155, 'Kike', 'Gallardo', 'Parra', '2005-04-12', 'Masculino', 'Alameda Ágata Jáuregui 630 Puerta 9 ', 1),
(156, 'Isaac', 'Mendoza', 'Baeza', '1993-05-25', 'Masculino', 'Via Carolina Pons 88 Piso 9 ', 2),
(157, 'Plácido', 'Fuentes', 'Pérez', '1998-01-28', 'Masculino', 'C. Adelia Gárate 50 Puerta 4 ', 1),
(158, 'Aristides', 'Muñoz', 'Venegas', '1999-09-27', 'Masculino', 'Camino de Ruperto Arias 545 Puerta 4 ', 3),
(159, 'Ricarda', 'Pérez', 'Cuevas', '2005-02-28', 'Femenino', 'Cañada Cloe Montesinos 82', 1),
(160, 'Jerónimo', 'Alarcón', 'Delgado', '1995-06-29', 'Masculino', 'Pasaje Angelino Palmer 48 Piso 0 ', 3),
(161, 'Luis Miguel', 'Henríquez', 'Aravena', '1996-06-21', 'Masculino', 'Paseo de Mauricio Baró 52', 5),
(162, 'Raquel', 'Farías', 'Campos', '1996-04-23', 'Femenino', 'Cuesta de Edu Gordillo 12 Apt. 10 ', 3),
(163, 'Cirino', 'Torres', 'Riquelme', '2002-03-13', 'Masculino', 'Calle de Carolina Goñi 5 Piso 0 ', 4),
(164, 'Norberto', 'Moreno', 'Silva', '1997-05-16', 'Masculino', 'Urbanización Pancho Canales 9 Piso 1 ', 1),
(165, 'José Mari', 'Cáceres', 'Ortega', '1999-07-22', 'Masculino', 'Alameda Concepción Pera 71', 1),
(166, 'Urbano', 'Parra', 'Cortés', '2006-10-07', 'Masculino', 'Alameda Elvira Palomino 66', 3),
(167, 'Joel', 'San Martín', 'Bravo', '2000-10-13', 'Masculino', 'Acceso Arsenio Manso 19', 5),
(168, 'Ascensión', 'Guerrero', 'Larraín', '2006-02-11', 'Femenino', 'Pasadizo de Ligia Verdejo 753', 5),
(169, 'Severo', 'Valdivia', 'Bravo', '2004-02-02', 'Masculino', 'C. María Belén Bermudez 4', 5),
(170, 'Marcia', 'Olivares', 'Escobar', '1999-01-03', 'Femenino', 'Pasadizo Nazaret Aznar 978 Piso 5 ', 1),
(171, 'Eloy', 'Zamorano', 'Cáceres', '1981-09-09', 'Masculino', 'Alameda Jose Carlos Paredes 67 Puerta 1 ', 2),
(172, 'Nydia', 'Pérez', 'Ortega', '1994-09-24', 'Femenino', 'Acceso de Cebrián Ortiz 681 Puerta 7 ', 5),
(173, 'María Del Carmen', 'Moreno', 'Torres', '1996-09-19', 'Femenino', 'Urbanización de Clotilde Casares 336 Puerta 4 ', 3),
(174, 'Rómulo', 'Valdés', 'Cáceres', '1997-10-11', 'Masculino', 'Via de Ceferino Real 38 Puerta 7 ', 2),
(175, 'Melania', 'Pérez', 'Valdivia', '1997-05-30', 'Femenino', 'Pasaje Albino Diaz 7', 1),
(176, 'Eleuterio', 'Godoy', 'Soto', '1997-04-15', 'Masculino', 'Vial Ruth Aragón 30 Apt. 28 ', 1),
(177, 'Teresita', 'Gallardo', 'Guerrero', '2003-01-12', 'Femenino', 'Acceso de Edu Quesada 234 Piso 5 ', 1),
(178, 'Marta', 'Zúñiga', 'Baeza', '1998-02-13', 'Femenino', 'Avenida Mamen Pacheco 86', 4),
(179, 'Perla', 'Hernández', 'Zamorano', '1998-05-12', 'Femenino', 'Cuesta de Juana Cañizares 99 Apt. 20 ', 1),
(180, 'Martina', 'Cortés', 'Quiroz', '1994-02-08', 'Femenino', 'C. de Miguel Ángel Ródenas 58 Apt. 34 ', 1),
(181, 'Jose Manuel', 'Godoy', 'Torres', '1973-11-07', 'Masculino', 'Cañada de Mohamed Plana 32', 3),
(182, 'Alondra', 'Godoy', 'Mendoza', '1973-05-10', 'Femenino', 'Pasadizo de Leopoldo Miralles 6', 2),
(183, 'Erasmo', 'Martínez', 'Torres', '1994-08-26', 'Masculino', 'Callejón de Amanda Ródenas 52', 1),
(184, 'África', 'Arellano', 'Gutiérrez', '1999-09-30', 'Femenino', 'Callejón Epifanio Báez 98', 1),
(185, 'Priscila', 'Flores', 'López', '1969-09-02', 'Femenino', 'Paseo Brígida Ferrero 8', 1),
(186, 'Sigfrido', 'Muñoz', 'Castillo', '2000-05-06', 'Masculino', 'Glorieta de Lope Roldan 38', 2),
(187, 'Selena', 'González', 'Gallardo', '1964-12-23', 'Femenino', 'Via Victor Rosell 24 Apt. 41 ', 1),
(188, 'Galo', 'Lagos', 'Larraín', '1961-05-09', 'Masculino', 'Avenida Nacho Crespi 854', 2),
(189, 'Mayte', 'Navarro', 'Espinoza', '1999-04-03', 'Femenino', 'Calle de Toribio Cabrera 953', 1),
(190, 'Natalio', 'Orellana', 'Gallardo', '2007-05-11', 'Masculino', 'Urbanización Emigdio Peñalver 53', 1),
(191, 'José', 'Sanhueza', 'Zamorano', '2005-08-17', 'Femenino', 'Cuesta Lorenzo Catalá 91 Puerta 3 ', 2),
(192, 'Abel', 'Fuenzalida', 'Lagos', '2003-12-06', 'Masculino', 'Paseo de Emiliana Gallardo 70', 2),
(193, 'Noemí', 'Andrade', 'López', '1993-10-03', 'Femenino', 'Acceso Alondra Escolano 53 Puerta 7 ', 1),
(194, 'Laura', 'Sanhueza', 'Durán', '2004-04-25', 'Femenino', 'Paseo de Alicia Marqués 4 Apt. 46 ', 3),
(195, 'Itziar', 'Bravo', 'Hernández', '1966-11-03', 'Femenino', 'Via de Gabriel Sobrino 61', 1),
(196, 'Pablo', 'Zamorano', 'Gallardo', '1992-11-24', 'Masculino', 'Cuesta de Eliana Requena 50', 4),
(197, 'Edelmira', 'Parra', 'Valenzuela', '2001-01-04', 'Femenino', 'Calle de Chita Moraleda 75', 1),
(198, 'Gustavo', 'Baeza', 'Ibarra', '2006-04-30', 'Masculino', 'C. de Juan Bautista Ballester 47 Piso 0 ', 1),
(199, 'Encarnita', 'Cáceres', 'Gallardo', '2006-12-10', 'Femenino', 'Camino Sara Diaz 631 Apt. 98 ', 3),
(200, 'Ainara', 'Sepúlveda', 'Orellana', '1973-04-04', 'Femenino', 'Avenida de Mercedes Mínguez 28', 1),
(201, 'Nacio', 'Lagos', 'Cortés', '1989-07-13', 'Masculino', 'Paseo de Heliodoro Crespo 563', 2),
(202, 'Rosario', 'Godoy', 'Saavedra', '1995-08-24', 'Femenino', 'Ronda de Ildefonso Ibarra 1 Apt. 81 ', 1),
(203, 'Leyre', 'Ramírez', 'Campos', '1997-11-23', 'Femenino', 'Rambla Lorenzo Mata 4 Puerta 3 ', 1),
(204, 'Alexandra', 'Aravena', 'Espinoza', '1997-10-05', 'Femenino', 'C. de Eleuterio Lerma 2', 1),
(205, 'Angelina', 'Escobar', 'Gutiérrez', '1996-01-04', 'Femenino', 'Plaza Manuelita Cordero 7 Apt. 94 ', 1),
(206, 'Ruben', 'Romero', 'Cortés', '2006-10-23', 'Masculino', 'Cañada Leocadio Segarra 51 Puerta 9 ', 1),
(207, 'Jovita', 'Alvarez', 'Flores', '1999-11-15', 'Femenino', 'Avenida de Iván Ramos 547 Puerta 8 ', 3),
(208, 'José Luis', 'Reyes', 'Ibarra', '1992-09-25', 'Masculino', 'Cuesta Luisa Prada 28 Piso 3 ', 1),
(209, 'Maricruz', 'López', 'Baeza', '1973-07-07', 'Femenino', 'Pasaje Rafael Tapia 614 Apt. 11 ', 1),
(210, 'Mar', 'Rodríguez', 'Figueroa', '1978-08-31', 'Femenino', 'Camino de Josep Blanes 86', 5),
(211, 'Lourdes', 'Catalán', 'Leiva', '1993-03-30', 'Femenino', 'Cuesta José Antonio Requena 35', 4),
(212, 'Alejandro', 'Valdivia', 'Carrasco', '2000-10-23', 'Masculino', 'Callejón Jenny Gallart 878 Piso 3 ', 1),
(213, 'Estrella', 'Catalán', 'Vásquez', '2009-12-15', 'Femenino', 'Via Teodoro Berenguer 12 Apt. 81 ', 2),
(214, 'Carina', 'Soto', 'Leiva', '1977-09-11', 'Femenino', 'Calle Sonia Rodrigo 92 Piso 2 ', 1),
(215, 'Reinaldo', 'Andrade', 'Alarcón', '1995-05-28', 'Masculino', 'Plaza de Manu Carpio 54 Puerta 5 ', 1),
(216, 'María Luisa', 'Venegas', 'Zamorano', '1999-06-02', 'Femenino', 'Vial Luis Ángel Zabala 69 Puerta 9 ', 3),
(217, 'Dionisia', 'Larraín', 'Alvarado', '2003-12-21', 'Femenino', 'Alameda Áurea Cerdá 88 Apt. 56 ', 3),
(218, 'Chuy', 'Vega', 'Orellana', '2005-08-17', 'Masculino', 'Plaza Mateo Expósito 91 Piso 5 ', 1),
(219, 'Asdrubal', 'Cuevas', 'Rivera', '1999-07-15', 'Masculino', 'Avenida Pancho Gonzalez 40 Piso 4 ', 1),
(220, 'Samanta', 'Zúñiga', 'Sanhueza', '1965-06-18', 'Femenino', 'Acceso de Etelvina Quintana 98 Puerta 3 ', 4),
(221, 'Angélica', 'Gutiérrez', 'Guerrero', '1997-02-07', 'Femenino', 'Glorieta Lino Escalona 29', 1),
(222, 'Begoña', 'Escobar', 'Larraín', '2007-04-25', 'Femenino', 'Camino de María Pilar Lluch 373 Apt. 33 ', 1),
(223, 'Artemio', 'Chávez', 'Romero', '1998-06-18', 'Masculino', 'Rambla Aitana Abad 11', 1),
(224, 'Bernardita', 'Barraza', 'Morales', '2002-01-05', 'Femenino', 'Cuesta de Nacho Mate 913 Piso 6 ', 2),
(225, 'Remedios', 'Meza', 'Valdés', '2006-11-16', 'Femenino', 'Cañada de Pili Yuste 28 Puerta 3 ', 3),
(226, 'Celso', 'Valenzuela', 'Sanhueza', '2002-02-22', 'Masculino', 'Ronda Charo Sala 24 Puerta 6 ', 1),
(227, 'Modesta', 'Parra', 'Toledo', '1974-11-10', 'Femenino', 'Acceso Rita Solano 46', 1),
(228, 'María Manuela', 'Flores', 'Núñez', '2006-01-23', 'Femenino', 'Acceso de Gastón Alarcón 67', 3),
(229, 'Juan José', 'Valdivia', 'Chávez', '1995-09-06', 'Masculino', 'Alameda de Ciríaco Peinado 18', 2),
(230, 'María Dolores', 'Godoy', 'Vergara', '1977-10-11', 'Femenino', 'Cuesta de Rómulo Arranz 14', 1),
(231, 'Lucho', 'Alvarez', 'Contreras', '2002-05-06', 'Masculino', 'Pasaje de Amor Durán 28', 2),
(232, 'Alejo', 'Salinas', 'Andrade', '1979-11-17', 'Masculino', 'Rambla Sabina Catalá 7', 1),
(233, 'Silvestre', 'Venegas', 'Godoy', '1997-05-16', 'Masculino', 'Pasaje Febe Barrios 91', 3),
(234, 'Eligia', 'Bravo', 'Zúñiga', '2001-05-18', 'Femenino', 'Alameda Pilar Moliner 69', 5),
(235, 'Lorena', 'Salazar', 'Sepúlveda', '2002-06-26', 'Femenino', 'Calle de Berto Ferrando 224 Apt. 70 ', 5),
(236, 'Eliana', 'Zamorano', 'Vásquez', '1977-02-18', 'Femenino', 'Rambla de Fabiola Acero 94', 1),
(237, 'Felicia', 'Vega', 'Lagos', '1975-08-12', 'Femenino', 'Camino de Piedad Boix 271 Apt. 21 ', 5),
(238, 'Cayetana', 'Leiva', 'Fuenzalida', '1995-10-24', 'Femenino', 'Plaza Isaac Perera 41', 5),
(239, 'Encarnita', 'Vega', 'Bravo', '1994-05-14', 'Femenino', 'Cañada Balduino Pinilla 52', 2),
(240, 'Berta', 'Peña', 'Parra', '1998-01-27', 'Femenino', 'Urbanización de Petrona Fabra 33 Piso 4 ', 4),
(241, 'Paco', 'Olivares', 'Catalán', '1998-12-09', 'Masculino', 'Cuesta Pedro Parra 88 Puerta 2 ', 1),
(242, 'Alejandro', 'Zúñiga', 'Aguilera', '1993-05-13', 'Masculino', 'Paseo Cloe Galvez 55 Apt. 58 ', 4),
(243, 'Leoncio', 'Reyes', 'Garrido', '2002-05-09', 'Masculino', 'Pasadizo María Teresa Galvez 83 Piso 0 ', 4),
(244, 'Íñigo', 'Durán', 'Contreras', '2002-08-04', 'Masculino', 'Vial de Adelia Moraleda 79', 5),
(245, 'Mónica', 'Godoy', 'Castillo', '1992-02-07', 'Femenino', 'Via de Eva Palmer 3', 1),
(246, 'Ignacia', 'Izquierdo', 'Larraín', '1960-01-02', 'Femenino', 'Via de Glauco Palma 82 Puerta 2 ', 1),
(247, 'Primitiva', 'Orellana', 'Hernández', '2001-06-29', 'Femenino', 'Camino de Coral Royo 47 Piso 5 ', 1),
(248, 'María Carmen', 'Miranda', 'Garrido', '2003-10-30', 'Femenino', 'Cañada de Apolinar Guillén 716 Piso 9 ', 2),
(249, 'Gracia', 'Cuevas', 'Tapia', '2001-02-06', 'Femenino', 'Pasadizo Flavio Mas 383', 2),
(250, 'Berto', 'Farías', 'Castillo', '2006-03-04', 'Masculino', 'Avenida Martin Cid 77 Apt. 70 ', 1),
(251, 'Mónica', 'Moreno', 'Zamorano', '1980-08-22', 'Femenino', 'Cañada Marino Bernat 43', 5),
(252, 'Isaías', 'Vásquez', 'González', '1975-08-02', 'Masculino', 'Paseo Ramona Perelló 8', 5),
(253, 'Cebrián', 'Parra', 'Izquierdo', '1992-11-03', 'Masculino', 'Paseo de Jacinta Prado 77', 5),
(254, 'Selena', 'Riquelme', 'Alvarado', '1981-12-22', 'Femenino', 'C. Eduardo Monreal 66', 1),
(255, 'Viviana', 'Alvarado', 'Henríquez', '2001-10-08', 'Femenino', 'Paseo de Calixto Oliver 19 Apt. 92 ', 1),
(256, 'Rebeca', 'Rivera', 'Díaz', '1993-09-22', 'Femenino', 'Alameda de Angélica Abellán 296 Puerta 3 ', 2),
(257, 'Bruno', 'Vergara', 'Rodríguez', '1998-01-02', 'Masculino', 'Glorieta Marciano Rozas 6', 1),
(258, 'Fátima', 'Iturra', 'Andrade', '1993-03-04', 'Femenino', 'Vial de Lucas Merino 17', 2),
(259, 'Eladio', 'Cortés', 'Rojas', '1993-12-03', 'Masculino', 'C. Isabel Villar 8', 3),
(260, 'Rosenda', 'Meza', 'Alarcón', '2001-07-23', 'Femenino', 'C. Nieves Alberola 35 Puerta 8 ', 1),
(261, 'Fátima', 'Cuevas', 'Valenzuela', '1996-03-15', 'Femenino', 'Cuesta Francisca Querol 50 Piso 4 ', 2),
(262, 'Raimundo', 'Gutiérrez', 'Escobar', '2003-02-22', 'Masculino', 'Pasadizo de Ramón Sáenz 68', 4),
(263, 'Basilio', 'Rivera', 'Venegas', '2005-04-21', 'Masculino', 'Paseo de Martina Pla 3', 1),
(264, 'Abraham', 'Valdivia', 'Lagos', '1991-11-01', 'Masculino', 'Pasadizo Odalis Sanz 80 Piso 0 ', 1),
(265, 'Benjamín', 'Alvarado', 'Lagos', '1998-05-25', 'Masculino', 'Acceso de Aureliano Peiró 66 Puerta 4 ', 1),
(266, 'Raquel', 'Espinoza', 'Navarro', '1994-05-07', 'Femenino', 'Rambla de Lázaro Palacios 80', 2),
(267, 'Fermín', 'Martínez', 'Catalán', '2004-10-13', 'Masculino', 'Acceso Lupita Arce 363', 1),
(268, 'Aristides', 'López', 'Romero', '1999-01-15', 'Masculino', 'Vial Evita Uriarte 64', 1),
(269, 'Jesusa', 'Cortés', 'Paredes', '1992-03-17', 'Femenino', 'Calle de Carmelo Morera 30', 1),
(270, 'Marco', 'Soto', 'Aguilera', '1991-04-01', 'Masculino', 'Pasadizo de Luciana Bermúdez 74', 2),
(271, 'Herberto', 'Campos', 'Díaz', '2000-06-29', 'Masculino', 'Avenida de Piedad Rosselló 4', 1),
(272, 'Lucho', 'López', 'López', '1996-10-01', 'Masculino', 'Calle Reinaldo Suárez 56 Puerta 2 ', 1),
(273, 'Emiliano', 'Lagos', 'Gallardo', '1996-01-03', 'Masculino', 'Rambla de Irene López 70', 2),
(274, 'Claudia', 'Díaz', 'Torres', '1978-07-04', 'Femenino', 'Callejón Juanito Sevillano 451 Apt. 05 ', 2),
(275, 'Consuela', 'Bustamante', 'Cisternas', '1999-07-16', 'Femenino', 'Camino de Sosimo Mulet 967 Apt. 55 ', 5),
(276, 'Feliciano', 'Garrido', 'Guerrero', '1995-11-04', 'Masculino', 'Pasaje Ricarda Valenzuela 38 Puerta 6 ', 2),
(277, 'Dominga', 'Gutiérrez', 'Meza', '2008-11-22', 'Femenino', 'Cuesta Chelo Ojeda 4', 4),
(278, 'Raúl', 'Castillo', 'Iturra', '2002-01-12', 'Masculino', 'Cañada de Maricela Miró 17 Apt. 99 ', 4),
(279, 'Carina', 'Vergara', 'Castillo', '2002-02-18', 'Femenino', 'Ronda de María Del Carmen Alvarado 88 Apt. 68 ', 1),
(280, 'Blas', 'Contreras', 'Vega', '1996-11-15', 'Masculino', 'C. Isaías Galván 5', 1),
(281, 'Carmina', 'Meza', 'Bravo', '1999-05-23', 'Femenino', 'Paseo de Sebastian Ortiz 56', 5),
(282, 'Esther', 'Bustamante', 'Chávez', '2002-04-16', 'Femenino', 'Alameda Ani Poza 86 Piso 4 ', 3),
(283, 'Seve', 'Barraza', 'Aguilera', '1996-06-16', 'Masculino', 'Rambla Salomón Maldonado 9 Piso 7 ', 4),
(284, 'Nacio', 'López', 'Cáceres', '1993-08-28', 'Masculino', 'Camino de Fortunata Ripoll 46', 3),
(285, 'Mercedes', 'Flores', 'Peña', '1994-07-04', 'Femenino', 'Pasadizo Cecilio Rebollo 6', 1),
(286, 'Marcos', 'Ortega', 'Castillo', '2004-09-25', 'Masculino', 'Avenida de Raimundo Alsina 968', 1),
(287, 'Teresa', 'Bravo', 'Toledo', '1993-09-05', 'Femenino', 'Acceso de Loreto Heras 47', 1),
(288, 'Etelvina', 'Lagos', 'Zúñiga', '2002-08-11', 'Femenino', 'Plaza Hilario Serra 83 Apt. 27 ', 5),
(289, 'Leyre', 'Rojas', 'Henríquez', '1996-02-27', 'Femenino', 'Rambla de Jose Ignacio Sevilla 1', 4),
(290, 'Pilar', 'Miranda', 'Bustamante', '2001-07-03', 'Femenino', 'C. de Calisto Rincón 28 Puerta 9 ', 1),
(291, 'Moisés', 'Díaz', 'Cisternas', '1996-01-16', 'Masculino', 'Cuesta de Pastora Barreda 16', 1),
(292, 'Filomena', 'Larraín', 'Saavedra', '2003-11-23', 'Femenino', 'Via de Cristóbal Coello 29 Puerta 2 ', 1),
(293, 'Flavia', 'Quiroz', 'Larraín', '2002-11-28', 'Femenino', 'Urbanización Natalia Tolosa 24 Piso 1 ', 1),
(294, 'Jesusa', 'Muñoz', 'Henríquez', '2008-06-03', 'Femenino', 'Callejón Octavio Marquez 85 Puerta 4 ', 1),
(295, 'Margarita', 'Pérez', 'San Martín', '2006-10-04', 'Femenino', 'Vial Azahara Maldonado 4', 1),
(296, 'Vanesa', 'Fernández', 'Soto', '1996-11-13', 'Femenino', 'Cañada de Lilia Cuadrado 847 Puerta 4 ', 1),
(297, 'Calixta', 'Torres', 'Escobar', '1993-04-07', 'Femenino', 'Cañada Rosa María Plana 13', 1),
(298, 'Susanita', 'Cuevas', 'Fuenzalida', '2004-09-10', 'Femenino', 'Camino Albano Jover 98 Piso 7 ', 1),
(299, 'Martin', 'Iturra', 'Fuenzalida', '1994-06-07', 'Masculino', 'Vial de Diana Vallejo 68', 4),
(300, 'Florinda', 'Salinas', 'Riquelme', '1994-05-25', 'Femenino', 'Pasadizo Alma Echevarría 16 Puerta 1 ', 1),
(301, 'Fabiana', 'Andrade', 'Mendoza', '1991-09-19', 'Femenino', 'Urbanización Eutimio Lobo 613 Piso 7 ', 2),
(302, 'Mariana', 'Bustos', 'López', '1978-06-16', 'Femenino', 'Glorieta Prudencio Aparicio 61', 1),
(303, 'José Luis', 'Valenzuela', 'Arellano', '1999-07-18', 'Masculino', 'Calle Victoriano Yáñez 53 Puerta 2 ', 4),
(304, 'Nuria', 'Paredes', 'Vergara', '1983-06-24', 'Femenino', 'Pasaje Galo Arjona 548', 2),
(305, 'Apolonia', 'Figueroa', 'Hernández', '1990-04-08', 'Femenino', 'Vial Azeneth Mateo 4', 1),
(306, 'Danilo', 'Hernández', 'Peña', '1994-09-25', 'Masculino', 'Via de Brunilda Azcona 41 Piso 1 ', 1),
(307, 'Ismael', 'Toledo', 'Bustos', '2001-07-23', 'Masculino', 'Via Candela Garrido 174 Puerta 6 ', 1),
(308, 'Teodora', 'Escobar', 'Salazar', '1996-06-08', 'Femenino', 'Glorieta de Dolores Sastre 5', 1),
(309, 'René', 'Campos', 'Jara', '1993-11-28', 'Masculino', 'Rambla de Nando Vendrell 58 Puerta 4 ', 1),
(310, 'Dulce', 'Martínez', 'Leiva', '1987-05-27', 'Femenino', 'Callejón de Irene Vaquero 27', 1),
(311, 'Prudencia', 'Valdés', 'Olivares', '2000-08-30', 'Femenino', 'Alameda Teodora Vergara 37 Apt. 16 ', 1),
(312, 'Nerea', 'Torres', 'Espinoza', '1995-10-19', 'Femenino', 'Alameda de Felicia España 41', 1),
(313, 'Clotilde', 'Valdivia', 'Reyes', '2003-10-18', 'Femenino', 'Pasadizo de Agustina Calderon 49 Puerta 2 ', 2),
(314, 'Etelvina', 'Bustamante', 'Moreno', '1993-08-22', 'Femenino', 'Rambla de Reyes Cruz 925', 1),
(315, 'Jordi', 'Alvarez', 'Ibarra', '1973-03-08', 'Masculino', 'Urbanización de Juan José Suarez 35 Piso 5 ', 1),
(316, 'Prudencio', 'Chávez', 'Parra', '1987-11-09', 'Masculino', 'Cañada de Teodoro Pozuelo 70 Apt. 65 ', 2),
(317, 'Mohamed', 'Olivares', 'Meza', '1995-05-01', 'Masculino', 'Callejón de Alejo Francisco 54', 1),
(318, 'Serafina', 'Torres', 'Fernández', '2003-11-13', 'Femenino', 'Ronda de Morena Piñeiro 98', 1),
(319, 'Pepita', 'Díaz', 'López', '2005-09-05', 'Femenino', 'Callejón de Custodio Benavente 62', 2),
(320, 'Paloma', 'Gallardo', 'Ramírez', '2001-12-24', 'Femenino', 'C. Javiera Torrens 74 Apt. 10 ', 1),
(321, 'Miguel', 'Godoy', 'Godoy', '2005-10-31', 'Masculino', 'Pasaje de Águeda Luís 8 Apt. 15 ', 1),
(322, 'Roldán', 'Sanhueza', 'Cortés', '2000-04-01', 'Masculino', 'Vial Dolores Martínez 238 Piso 3 ', 2),
(323, 'Fernando', 'Farías', 'Ortega', '1976-02-05', 'Masculino', 'Plaza de Enrique Bayo 85 Puerta 3 ', 1),
(324, 'Catalina', 'Ibarra', 'Pérez', '2002-10-23', 'Femenino', 'Pasaje Porfirio Mínguez 54 Puerta 0 ', 2),
(325, 'Buenaventura', 'Tapia', 'Ramírez', '2006-08-05', 'Masculino', 'C. de Noelia Torrecilla 9 Apt. 85 ', 1),
(326, 'Adriana', 'Toledo', 'San Martín', '1991-01-29', 'Femenino', 'Pasadizo Samanta Morillo 674 Puerta 1 ', 1),
(327, 'Paulina', 'Olivares', 'Aravena', '1995-07-22', 'Femenino', 'Paseo Federico Vilanova 8', 5),
(328, 'Marcos', 'Ibarra', 'Hernández', '2000-02-29', 'Masculino', 'Ronda Olimpia Lluch 37', 1),
(329, 'Máximo', 'Leiva', 'Toledo', '1977-11-02', 'Masculino', 'Camino Norberto Santiago 760', 2),
(330, 'Lucio', 'Garrido', 'Zamorano', '2000-10-13', 'Masculino', 'Plaza de Adán Gomis 36', 1),
(331, 'Efraín', 'Durán', 'Salazar', '2007-05-18', 'Masculino', 'Paseo de Zacarías Fonseca 359', 2),
(332, 'Cecilia', 'Araya', 'Valenzuela', '1996-04-18', 'Femenino', 'Cañada Gerardo Cabrero 9', 2),
(333, 'María Cristina', 'Ibarra', 'Guerrero', '2006-05-14', 'Femenino', 'Paseo Pablo Bayón 45', 2),
(334, 'Nando', 'Vergara', 'Figueroa', '1996-09-11', 'Masculino', 'Rambla de Teobaldo Linares 63', 1),
(335, 'Alba', 'Orellana', 'Parra', '2005-08-12', 'Femenino', 'C. Amancio Saldaña 16 Piso 7 ', 1),
(336, 'Gloria', 'Rivera', 'Hernández', '2006-09-05', 'Femenino', 'Camino de Ofelia Casanovas 3', 5),
(337, 'José Luis', 'Pérez', 'Zúñiga', '2001-06-10', 'Masculino', 'Glorieta Dionisio Torrijos 755', 2),
(338, 'Claudio', 'Romero', 'Rojas', '1997-09-11', 'Masculino', 'Cuesta de José Mari Verdugo 8', 2),
(339, 'Adán', 'Ramírez', 'Delgado', '1997-06-24', 'Masculino', 'C. de Rosa Cabo 55 Apt. 64 ', 1),
(340, 'Darío', 'López', 'Larraín', '2002-03-20', 'Masculino', 'Cuesta de Alcides Llobet 30', 1),
(341, 'Teo', 'Reyes', 'Baeza', '2000-09-25', 'Masculino', 'Vial Aurelia Cortés 17', 1),
(342, 'Américo', 'López', 'Sepúlveda', '1976-02-14', 'Masculino', 'Acceso de Esmeralda Ribera 36', 1),
(343, 'Chucho', 'Garrido', 'Contreras', '1998-06-20', 'Masculino', 'Acceso Serafina Canals 80', 1),
(344, 'Clara', 'Godoy', 'Cisternas', '1964-10-26', 'Femenino', 'Callejón de Ester Montesinos 1 Piso 0 ', 1),
(345, 'Vilma', 'Catalán', 'Ortega', '1997-12-21', 'Femenino', 'Ronda Arturo Pi 382', 4),
(346, 'Aureliano', 'Quiroz', 'Navarro', '2005-06-25', 'Masculino', 'Avenida Simón Batalla 8 Piso 6 ', 4),
(347, 'Tiburcio', 'Salinas', 'Aguilera', '1999-06-05', 'Masculino', 'Plaza María Tamayo 34 Piso 8 ', 2),
(348, 'Flavia', 'Lagos', 'Moreno', '1999-02-15', 'Femenino', 'Cuesta de Marianela Ferrández 93', 1),
(349, 'Belén', 'Rojas', 'Guerrero', '1999-04-30', 'Femenino', 'Avenida Mar Bustamante 24', 1),
(350, 'Edelmiro', 'Mendoza', 'San Martín', '1962-09-26', 'Masculino', 'Cañada Nando Sevilla 588 Apt. 56 ', 2),
(351, 'Glauco', 'Romero', 'López', '1998-03-05', 'Masculino', 'C. Evelia Asensio 12', 5),
(352, 'Calixto', 'Riquelme', 'Alvarado', '1999-02-23', 'Masculino', 'Rambla Régulo Mora 8', 4),
(353, 'Jose Antonio', 'Sanhueza', 'Espinoza', '1996-05-21', 'Masculino', 'Camino Santiago Sans 57 Puerta 7 ', 1),
(354, 'Benigno', 'Aravena', 'Figueroa', '1994-04-08', 'Masculino', 'Alameda de Tecla Estrada 85 Puerta 7 ', 3),
(355, 'Narcisa', 'López', 'Navarro', '1992-07-30', 'Femenino', 'Avenida de Merche Pavón 90 Apt. 13 ', 5),
(356, 'Jenaro', 'Parra', 'Castillo', '1998-05-10', 'Masculino', 'Paseo Leticia Marqués 55', 4),
(357, 'Jaime', 'Orellana', 'Hernández', '2006-12-06', 'Masculino', 'C. Oriana Vicente 42', 1),
(358, 'Román', 'Sanhueza', 'Olivares', '2000-06-27', 'Masculino', 'Pasadizo de Eliana Cordero 188', 1),
(359, 'Rosalía', 'Cortés', 'Castillo', '2007-01-13', 'Femenino', 'Pasadizo Flavio Perelló 31 Puerta 9 ', 1),
(360, 'Daniel', 'San Martín', 'Jara', '1994-05-16', 'Masculino', 'Glorieta de León Avilés 74', 1),
(361, 'Virgilio', 'Rojas', 'Silva', '2005-01-08', 'Masculino', 'Pasaje de Modesto Cerdán 20 Piso 8 ', 1),
(362, 'Nicanor', 'Martínez', 'Figueroa', '1967-10-29', 'Masculino', 'Calle Marisol Reguera 82', 1),
(363, 'Sandra', 'Alarcón', 'Bustos', '1994-08-24', 'Femenino', 'Rambla de Flavia Rius 49', 2),
(364, 'Diana', 'Peña', 'Cuevas', '1961-05-21', 'Femenino', 'Urbanización Leoncio Checa 31 Apt. 72 ', 1),
(365, 'Nicodemo', 'Zamorano', 'Rodríguez', '2005-10-04', 'Masculino', 'Via Azahar Merino 819 Apt. 74 ', 5),
(366, 'Segismundo', 'Núñez', 'Iturra', '1962-08-18', 'Masculino', 'Avenida Silvia Noguera 70 Piso 1 ', 3),
(367, 'Maura', 'Quiroz', 'Mendoza', '2004-12-18', 'Femenino', 'Cuesta Marta Manuel 28 Apt. 99 ', 3),
(368, 'Toni', 'Miranda', 'Figueroa', '1997-11-09', 'Masculino', 'Ronda de Tadeo Barberá 5', 1),
(369, 'Tadeo', 'Cáceres', 'Gutiérrez', '2006-03-28', 'Masculino', 'Pasadizo de Nando Rivas 25 Apt. 17 ', 1),
(370, 'Domingo', 'Leiva', 'Barraza', '2003-02-03', 'Masculino', 'Camino Toño Larrañaga 8 Puerta 9 ', 1),
(371, 'Socorro', 'Valenzuela', 'Leiva', '1991-01-29', 'Femenino', 'Calle de Eligia Campos 219 Apt. 35 ', 5),
(372, 'Marisa', 'Valdivia', 'San Martín', '2007-03-08', 'Femenino', 'Calle de Ovidio Sacristán 99 Apt. 66 ', 1),
(373, 'Nayara', 'Fernández', 'Jara', '1997-06-09', 'Femenino', 'Camino Gerardo Amador 51', 3),
(374, 'Édgar', 'Barraza', 'Torres', '2003-11-28', 'Masculino', 'Callejón de Plinio Núñez 53', 5),
(375, 'Jacinto', 'Escobar', 'Muñoz', '1985-04-25', 'Masculino', 'Pasaje de Jovita Jódar 93', 4),
(376, 'Rogelio', 'Aguilera', 'Rodríguez', '1962-06-01', 'Masculino', 'Acceso de Mercedes Dueñas 61 Piso 9 ', 5),
(377, 'Julio César', 'Navarro', 'Castillo', '1970-04-12', 'Masculino', 'Cañada de Cosme Botella 85', 1),
(378, 'Miguel', 'Pérez', 'Alvarez', '1960-09-11', 'Masculino', 'Callejón Roberta Torralba 85 Piso 2 ', 1),
(379, 'Cesar', 'Leiva', 'Valdivia', '1993-10-26', 'Masculino', 'Glorieta Cándida Menéndez 984', 5),
(380, 'Julio César', 'López', 'Castillo', '1998-08-30', 'Masculino', 'Glorieta Ciro Botella 364 Puerta 5 ', 1),
(381, 'Juan Pablo', 'Lagos', 'Escobar', '1974-11-12', 'Masculino', 'C. Cristóbal Marin 691 Apt. 70 ', 1),
(382, 'Donato', 'Zúñiga', 'Larraín', '2007-01-18', 'Masculino', 'Plaza de Ana Belén Gomez 43', 3),
(383, 'Isabela', 'Guerrero', 'Miranda', '2002-02-27', 'Femenino', 'Plaza Manu Hervás 8', 2),
(384, 'Simón', 'Cortés', 'Guerrero', '1997-12-09', 'Masculino', 'Ronda Gilberto Villena 769 Puerta 4 ', 1),
(385, 'Olalla', 'Castillo', 'Carrasco', '1995-04-28', 'Femenino', 'Ronda de Raimundo Pastor 95 Piso 1 ', 1),
(386, 'Nydia', 'Bustamante', 'Barraza', '2001-08-12', 'Femenino', 'Paseo Cristina Castells 9 Puerta 7 ', 4),
(387, 'Julio', 'Valdivia', 'Flores', '1996-10-21', 'Masculino', 'Acceso Liliana Goicoechea 14', 1),
(388, 'Jeremías', 'Salazar', 'Cortés', '2002-02-16', 'Masculino', 'Camino de Tristán Barón 90 Piso 8 ', 2),
(389, 'Moreno', 'Ramírez', 'Delgado', '2006-07-12', 'Masculino', 'Vial de Bernardo Pablo 5 Puerta 4 ', 1),
(390, 'Viviana', 'Rodríguez', 'Sanhueza', '1996-03-31', 'Femenino', 'Ronda de Julie Cañellas 83', 5),
(391, 'Esmeralda', 'Contreras', 'Moreno', '1998-01-17', 'Femenino', 'Urbanización de Clotilde Verdejo 92 Puerta 9 ', 4),
(392, 'Estela', 'Rodríguez', 'Gutiérrez', '1998-05-23', 'Femenino', 'Acceso Diana Carretero 2', 1),
(393, 'Luisa', 'Sanhueza', 'Andrade', '1992-11-30', 'Femenino', 'Urbanización Eliana Escobar 80', 1),
(394, 'Pánfilo', 'Valdés', 'Zamorano', '1995-08-08', 'Masculino', 'Via Sancho Ponce 86 Apt. 52 ', 5),
(395, 'Ariadna', 'Romero', 'Salazar', '1985-10-23', 'Femenino', 'Ronda Serafina Iniesta 31 Piso 6 ', 1),
(396, 'Cornelio', 'Navarro', 'Bustamante', '1993-09-19', 'Masculino', 'Alameda Vito Burgos 140 Puerta 0 ', 1),
(397, 'Nilda', 'Lagos', 'Paredes', '2004-11-11', 'Femenino', 'Plaza Benigna Alberola 6', 1),
(398, 'Gregorio', 'Garrido', 'Orellana', '1992-10-19', 'Masculino', 'Avenida de Francisco Jose Fabregat 972', 1),
(399, 'César', 'Iturra', 'Barraza', '2005-11-01', 'Masculino', 'Acceso Consuela Elorza 92', 1),
(400, 'Carlito', 'Flores', 'Godoy', '1985-05-07', 'Masculino', 'Calle Brígida Carreño 24 Piso 2 ', 1),
(401, 'Marta', 'Sanhueza', 'Escobar', '1963-01-18', 'Femenino', 'Cuesta Guadalupe Cortina 957', 3),
(402, 'Severo', 'Sepúlveda', 'López', '2006-11-18', 'Masculino', 'Paseo Blas Neira 35 Apt. 73 ', 2),
(403, 'Rosalina', 'Leiva', 'Vergara', '1967-12-04', 'Femenino', 'Calle de Yésica Tenorio 218', 1),
(404, 'Narcisa', 'González', 'Fernández', '2001-03-02', 'Femenino', 'Paseo de Fernanda Font 35 Piso 3 ', 5),
(405, 'Esteban', 'Cuevas', 'Gutiérrez', '1993-02-21', 'Masculino', 'Ronda de René Blanca 80 Apt. 58 ', 1),
(406, 'Julie', 'Iturra', 'Gallardo', '1999-02-13', 'Femenino', 'Cuesta de Miriam Madrigal 9 Apt. 31 ', 2),
(407, 'Fabio', 'Sanhueza', 'Araya', '1996-06-03', 'Masculino', 'Calle de Bienvenida Anaya 5', 1),
(408, 'Guadalupe', 'Espinoza', 'Garrido', '2006-09-01', 'Masculino', 'Ronda Mamen Verdugo 628 Puerta 0 ', 1),
(409, 'Xavier', 'Alvarez', 'Cisternas', '2000-09-12', 'Masculino', 'Rambla de Tecla Giralt 41', 1),
(410, 'Jose Miguel', 'Baeza', 'Ibarra', '1976-09-15', 'Masculino', 'C. Hernán Carnero 40', 1),
(411, 'Narciso', 'Reyes', 'Tapia', '1979-05-08', 'Masculino', 'C. Pascuala Gracia 16 Apt. 29 ', 1),
(412, 'Delia', 'Toledo', 'San Martín', '2000-02-18', 'Femenino', 'Camino de Leocadia Menendez 74 Puerta 0 ', 3),
(413, 'Herminia', 'Vásquez', 'Contreras', '2007-05-05', 'Femenino', 'Callejón de Purificación Falcó 14 Puerta 6 ', 1),
(414, 'Alfonso', 'Castillo', 'Izquierdo', '2006-03-17', 'Masculino', 'Urbanización Calisto Carbó 3 Piso 1 ', 1),
(415, 'Ciriaco', 'Soto', 'Miranda', '1996-01-17', 'Masculino', 'Callejón Isa Puig 58 Piso 9 ', 5),
(416, 'Eladio', 'Zúñiga', 'Zamorano', '1995-08-04', 'Masculino', 'Glorieta de Chema Valenciano 92', 2),
(417, 'Alicia', 'Torres', 'Fuenzalida', '1993-12-22', 'Femenino', 'Via Jenaro Arellano 22 Puerta 1 ', 4),
(418, 'Dalila', 'Reyes', 'Cisternas', '2002-12-07', 'Femenino', 'Vial de Vasco Armengol 633 Apt. 90 ', 1),
(419, 'Calista', 'Iturra', 'González', '1997-11-01', 'Femenino', 'Acceso Óscar Fonseca 7 Piso 2 ', 2),
(420, 'Esteban', 'Sepúlveda', 'Carrasco', '1967-01-12', 'Masculino', 'Rambla Eulalia Ferreras 17', 1),
(421, 'Tristán', 'Díaz', 'Salazar', '1996-12-10', 'Masculino', 'Pasadizo Lucio Cuevas 68', 1),
(422, 'Ambrosio', 'Gutiérrez', 'Catalán', '2003-08-03', 'Masculino', 'Pasadizo de Bienvenida Alemany 625', 1),
(423, 'Alejo', 'Vásquez', 'Díaz', '1993-08-17', 'Masculino', 'Plaza Rico Acevedo 206', 4),
(424, 'Tiburcio', 'Zúñiga', 'Guerrero', '1971-09-24', 'Masculino', 'Plaza Florencia Tamayo 764', 3),
(425, 'Javiera', 'Núñez', 'Soto', '2000-06-09', 'Femenino', 'Callejón de Onofre Sanz 82', 2),
(426, 'Lupe', 'Mendoza', 'Contreras', '1992-05-30', 'Femenino', 'Vial Luciano Díaz 34 Piso 0 ', 1),
(427, 'Iris', 'Cisternas', 'Sepúlveda', '1998-04-30', 'Femenino', 'Calle Ángel Reguera 336 Puerta 5 ', 1),
(428, 'Claudia', 'Moreno', 'Fernández', '1994-11-27', 'Femenino', 'Pasaje de Macarena Santamaria 86 Piso 5 ', 1),
(429, 'Fermín', 'Rodríguez', 'Rojas', '2000-03-06', 'Masculino', 'Pasadizo Hernán Hoyos 43 Puerta 9 ', 4),
(430, 'Germán', 'Salazar', 'Parra', '1969-06-13', 'Masculino', 'Acceso de Fidela Melero 36 Piso 1 ', 1),
(431, 'Macarena', 'Aguilera', 'Olivares', '1963-03-11', 'Femenino', 'Ronda de Aurelio Flores 95 Apt. 68 ', 1),
(432, 'Inocencio', 'Barraza', 'Escobar', '1996-08-31', 'Masculino', 'Glorieta Rolando Dueñas 39 Puerta 6 ', 4),
(433, 'Lucio', 'Meza', 'Cortés', '1993-04-22', 'Masculino', 'Ronda Maximiliano Solís 82', 1),
(434, 'Fausto', 'Romero', 'Riquelme', '2006-02-12', 'Masculino', 'Avenida Che Almazán 1', 1),
(435, 'Fito', 'Gutiérrez', 'Baeza', '1997-05-19', 'Masculino', 'Acceso de Hermenegildo Contreras 24', 3),
(436, 'Fidela', 'Soto', 'Meza', '2000-02-19', 'Femenino', 'Cuesta de Nilo Díez 24 Puerta 2 ', 1),
(437, 'Xiomara', 'Parra', 'Barraza', '1979-06-03', 'Femenino', 'Ronda Diego Redondo 98', 2),
(438, 'Maxi', 'Vega', 'Sanhueza', '1992-12-22', 'Femenino', 'Via Gracia Collado 11 Apt. 67 ', 1),
(439, 'Goyo', 'Aguilera', 'Vásquez', '1967-01-01', 'Masculino', 'Camino Javiera Pareja 39', 4),
(440, 'Jacobo', 'Carrasco', 'Peña', '1998-06-04', 'Masculino', 'Camino de Omar Nicolás 6', 5),
(441, 'Anastasia', 'Soto', 'Meza', '2000-08-28', 'Femenino', 'C. de Yésica Conde 4', 1),
(442, 'Melisa', 'Sanhueza', 'San Martín', '1993-10-25', 'Femenino', 'Acceso Elisa Uría 7 Apt. 54 ', 1),
(443, 'Clemente', 'Iturra', 'Morales', '2009-01-04', 'Masculino', 'Cuesta Melchor Diaz 4 Puerta 4 ', 1),
(444, 'Eleuterio', 'Gallardo', 'Paredes', '2007-12-11', 'Masculino', 'Calle de Leandro Sedano 6 Puerta 0 ', 1),
(445, 'Berto', 'Izquierdo', 'Aguilera', '1996-05-26', 'Masculino', 'Cañada Ricardo Flores 76', 1),
(446, 'Alejandro', 'Godoy', 'Garrido', '1993-03-20', 'Masculino', 'Alameda de Quique Vila 66 Apt. 54 ', 1),
(447, 'Mamen', 'Mendoza', 'Paredes', '1997-09-04', 'Femenino', 'Callejón de Celso Sandoval 6 Puerta 1 ', 4),
(448, 'Ainoa', 'Aravena', 'Cáceres', '2001-05-01', 'Femenino', 'Urbanización Carlito Elorza 31', 1),
(449, 'Marianela', 'Reyes', 'Donoso', '1996-04-29', 'Femenino', 'Avenida Agapito Alcalde 29', 1),
(450, 'Casemiro', 'Aguilera', 'Godoy', '1971-02-10', 'Masculino', 'Via de Emperatriz Carro 3 Apt. 12 ', 1),
(451, 'Artemio', 'Aguilera', 'Rodríguez', '2007-03-25', 'Masculino', 'Ronda Máxima Guijarro 20', 1),
(452, 'Gala', 'Rojas', 'Arellano', '2008-10-21', 'Femenino', 'Glorieta de Leandra Valbuena 527', 1),
(453, 'Pío', 'Donoso', 'Espinoza', '2001-03-10', 'Masculino', 'Rambla de Anunciación Aguado 3', 1),
(454, 'Chita', 'Rodríguez', 'Aguilera', '2000-10-01', 'Femenino', 'Via Julia Benitez 62', 4),
(455, 'Reyes', 'Rojas', 'Hernández', '2004-09-16', 'Masculino', 'Camino de Manu Revilla 743', 1),
(456, 'Edgardo', 'Olivares', 'Leiva', '2000-05-07', 'Masculino', 'Pasadizo Adrián Infante 22 Apt. 17 ', 3),
(457, 'Fabiola', 'Cortés', 'Vega', '1994-06-08', 'Femenino', 'Avenida de Ileana Salmerón 2', 2),
(458, 'Esther', 'Núñez', 'Muñoz', '1994-02-06', 'Femenino', 'Camino Juan Francisco Montaña 85 Piso 7 ', 1),
(459, 'Eutimio', 'Lagos', 'Zamorano', '1972-04-20', 'Masculino', 'Paseo de Marcela Falcón 39 Apt. 56 ', 3),
(460, 'Joan', 'Pérez', 'Olivares', '1999-05-29', 'Masculino', 'C. de Abigaíl Sobrino 32 Puerta 6 ', 3),
(461, 'Hugo', 'Saavedra', 'Sanhueza', '2006-06-29', 'Masculino', 'C. de Sabina Company 15', 2),
(462, 'Isaac', 'Jara', 'Martínez', '1997-04-25', 'Masculino', 'Camino Gerónimo Gaya 1', 1),
(463, 'Gustavo', 'Hernández', 'Zamorano', '1996-12-22', 'Masculino', 'Alameda de Hector Almeida 36', 1),
(464, 'Evaristo', 'Arellano', 'Aravena', '2003-05-09', 'Masculino', 'Glorieta Amanda Valera 36 Piso 0 ', 1),
(465, 'Feliciana', 'Leiva', 'Fuenzalida', '1998-08-02', 'Femenino', 'Cuesta de Ema Mancebo 93', 3),
(466, 'Jose Miguel', 'Escobar', 'Sanhueza', '2005-04-28', 'Masculino', 'Cuesta de Albert Mena 55', 1),
(467, 'Octavio', 'Bustos', 'Sanhueza', '2001-02-16', 'Masculino', 'Vial Benita Luján 35 Piso 9 ', 5),
(468, 'Jordi', 'Leiva', 'Castillo', '2002-07-15', 'Masculino', 'Acceso de Silvestre Hoz 45', 4),
(469, 'Yéssica', 'Cuevas', 'Henríquez', '2004-05-24', 'Femenino', 'Callejón de Catalina Niño 353 Piso 9 ', 3),
(470, 'Xavier', 'López', 'Lagos', '1978-09-23', 'Masculino', 'Cuesta Chus Soriano 6', 1),
(471, 'Lina', 'Navarro', 'Toledo', '2007-05-28', 'Femenino', 'Vial de Estrella Montoya 9', 1),
(472, 'Jose Luis', 'Vergara', 'Valdés', '1993-12-19', 'Masculino', 'Pasaje Roque Ferrando 62 Apt. 73 ', 1),
(473, 'Consuelo', 'Martínez', 'Ortega', '1998-02-22', 'Femenino', 'Acceso de Paloma Tolosa 624', 4),
(474, 'Julieta', 'Toledo', 'Campos', '2001-10-21', 'Femenino', 'Via Manolo Barrera 98', 1),
(475, 'Epifanio', 'Durán', 'Soto', '1974-10-02', 'Masculino', 'Plaza de Marc Julián 52 Apt. 06 ', 4),
(476, 'Ani', 'Larraín', 'Meza', '2005-11-10', 'Femenino', 'Pasaje Eufemia Piña 829 Piso 1 ', 1),
(477, 'Eli', 'Miranda', 'Zúñiga', '1961-12-25', 'Femenino', 'Pasaje Lucas Cánovas 125 Apt. 05 ', 3),
(478, 'Mamen', 'Baeza', 'Baeza', '2003-12-23', 'Femenino', 'Alameda Paz Perez 606 Piso 2 ', 1),
(479, 'Eugenia', 'Salinas', 'Fuentes', '2006-02-13', 'Femenino', 'Alameda de Clarisa Ariza 802', 4),
(480, 'Ana Belén', 'Valenzuela', 'Castillo', '1965-06-24', 'Femenino', 'Vial Cristian Yáñez 23', 4),
(481, 'René', 'Alvarado', 'López', '2001-11-07', 'Masculino', 'Avenida de Seve Nuñez 8 Piso 8 ', 1),
(482, 'Ana', 'Torres', 'Cortés', '2001-01-10', 'Femenino', 'Vial de Carlota Borrás 37 Apt. 43 ', 1),
(483, 'Dafne', 'Carrasco', 'Leiva', '1998-07-13', 'Femenino', 'Urbanización Alejandra Arnal 4', 3),
(484, 'Purificación', 'Romero', 'Gutiérrez', '1983-09-24', 'Femenino', 'Pasadizo Miguel Moraleda 16', 1),
(485, 'Lina', 'Vásquez', 'Chávez', '1984-04-18', 'Femenino', 'Plaza de Haydée Ribera 410 Puerta 0 ', 1),
(486, 'Claudia', 'Flores', 'Quiroz', '2000-09-18', 'Femenino', 'Acceso Judith Berrocal 358 Piso 3 ', 4),
(487, 'Carlos', 'Peña', 'Barraza', '2007-01-14', 'Masculino', 'Callejón de Cayetana Perelló 462', 5),
(488, 'Priscila', 'Durán', 'Muñoz', '1977-02-17', 'Femenino', 'Glorieta de Nacho Juliá 51 Piso 0 ', 1),
(489, 'Itziar', 'Morales', 'Ortega', '1995-02-12', 'Femenino', 'Rambla Daniel Arnaiz 41 Apt. 94 ', 5),
(490, 'Sigfrido', 'Silva', 'Alarcón', '1968-03-23', 'Masculino', 'Acceso de Abigaíl Ballester 59', 1),
(491, 'Concha', 'Delgado', 'Silva', '1965-01-14', 'Femenino', 'Plaza de Inocencio Escrivá 83', 5),
(492, 'Plácido', 'Lagos', 'Moreno', '1965-11-27', 'Masculino', 'C. de Eligia Dalmau 97 Puerta 4 ', 4),
(493, 'Rómulo', 'Bustos', 'Cisternas', '2002-03-07', 'Masculino', 'Via Soledad Abad 1', 2),
(494, 'Tiburcio', 'Andrade', 'Baeza', '1965-07-04', 'Masculino', 'Cañada Victor Pizarro 121 Piso 3 ', 1),
(495, 'Mohamed', 'Parra', 'Navarro', '1970-09-11', 'Masculino', 'Avenida de Lino Rios 5 Apt. 14 ', 1),
(496, 'Calisto', 'Arellano', 'Fuenzalida', '1959-10-12', 'Masculino', 'Via Zaira Anglada 12 Apt. 13 ', 4),
(497, 'Javier', 'Muñoz', 'Cortés', '2005-05-23', 'Masculino', 'Plaza de Julia Tena 3 Apt. 16 ', 2),
(498, 'Norberto', 'Escobar', 'Bustos', '2001-11-14', 'Masculino', 'Cuesta Toni Solana 12', 1),
(499, 'Luis', 'Mendoza', 'Rodríguez', '2003-06-04', 'Masculino', 'Callejón Leire Lucena 53', 1),
(500, 'Albano', 'Chávez', 'López', '2007-03-07', 'Masculino', 'Urbanización Jenny Samper 1 Puerta 6 ', 1);


--  compras

-- 800 COMPRAS: cada cliente tiene al menos una, con horario realista y validado por sucursal
INSERT INTO Compra (Id_Compra, Fecha_Compra, Hora_Compra, cliente_Id_Cliente, sucursal_Id_Sucursal, pago_Id_Pago) VALUES
(1, '2025-05-28', '12:00:41', 1, 1, 3),
(2, '2025-05-05', '11:45:58', 2, 4, 1),
(3, '2025-05-03', '12:00:45', 3, 2, 3),
(4, '2025-05-05', '12:15:07', 4, 2, 1),
(5, '2025-06-06', '12:15:11', 5, 1, 1),
(6, '2025-06-13', '18:45:29', 6, 1, 2),
(7, '2025-05-17', '10:00:32', 7, 1, 3),
(8, '2025-05-01', '17:00:00', 8, 4, 3),
(9, '2025-06-09', '13:30:24', 9, 3, 1),
(10, '2025-05-24', '13:30:59', 10, 1, 2),
(11, '2025-04-28', '11:00:50', 11, 2, 2),
(12, '2025-05-26', '19:15:12', 12, 4, 2),
(13, '2025-05-23', '20:30:53', 13, 4, 3),
(14, '2025-04-17', '10:00:12', 14, 1, 3),
(15, '2025-04-18', '17:45:58', 15, 1, 1),
(16, '2025-06-14', '14:30:47', 16, 3, 3),
(17, '2025-05-17', '12:30:01', 17, 4, 3),
(18, '2025-06-12', '17:45:27', 18, 4, 2),
(19, '2025-06-09', '10:45:58', 19, 1, 2),
(20, '2025-05-23', '11:15:18', 20, 1, 1),
(21, '2025-05-13', '11:45:39', 21, 3, 3),
(22, '2025-05-26', '11:00:23', 22, 4, 3),
(23, '2025-04-19', '16:45:35', 23, 2, 1),
(24, '2025-05-24', '16:45:10', 24, 2, 2),
(25, '2025-05-01', '11:15:34', 25, 4, 2),
(26, '2025-05-05', '17:45:50', 26, 1, 3),
(27, '2025-06-10', '10:30:51', 27, 3, 3),
(28, '2025-05-14', '15:45:54', 28, 2, 1),
(29, '2025-05-03', '17:00:44', 29, 4, 3),
(30, '2025-05-28', '10:00:08', 30, 2, 2),
(31, '2025-04-24', '17:15:24', 31, 3, 1),
(32, '2025-05-23', '18:00:48', 32, 1, 3),
(33, '2025-05-19', '11:45:23', 33, 2, 2),
(34, '2025-05-08', '11:45:31', 34, 3, 2),
(35, '2025-05-24', '12:45:18', 35, 1, 2),
(36, '2025-05-01', '11:00:34', 36, 2, 3),
(37, '2025-04-28', '14:00:38', 37, 2, 3),
(38, '2025-05-02', '13:45:17', 38, 4, 1),
(39, '2025-06-03', '19:45:21', 39, 2, 3),
(40, '2025-05-02', '17:00:51', 40, 1, 3),
(41, '2025-05-27', '14:15:06', 41, 3, 3),
(42, '2025-05-20', '15:45:53', 42, 3, 1),
(43, '2025-05-22', '19:15:00', 43, 4, 3),
(44, '2025-06-04', '15:45:53', 44, 2, 1),
(45, '2025-04-23', '10:00:40', 45, 1, 2),
(46, '2025-05-29', '16:30:03', 46, 3, 2),
(47, '2025-06-03', '12:30:54', 47, 2, 2),
(48, '2025-06-02', '18:30:56', 48, 2, 3),
(49, '2025-04-17', '10:00:05', 49, 3, 2),
(50, '2025-05-07', '12:30:45', 50, 2, 2),
(51, '2025-05-28', '12:45:04', 51, 1, 2),
(52, '2025-05-06', '10:45:04', 52, 3, 1),
(53, '2025-04-17', '18:00:05', 53, 3, 1),
(54, '2025-05-03', '10:15:54', 54, 3, 2),
(55, '2025-06-07', '15:15:27', 55, 1, 1),
(56, '2025-04-21', '15:15:52', 56, 1, 2),
(57, '2025-06-11', '13:00:02', 57, 2, 2),
(58, '2025-06-10', '20:30:43', 58, 4, 1),
(59, '2025-06-14', '15:00:56', 59, 4, 3),
(60, '2025-05-03', '18:30:44', 60, 3, 2),
(61, '2025-05-29', '19:45:26', 61, 2, 3),
(62, '2025-05-05', '16:30:08', 62, 2, 3),
(63, '2025-05-27', '17:00:26', 63, 3, 3),
(64, '2025-06-09', '17:15:51', 64, 2, 2),
(65, '2025-05-06', '13:00:02', 65, 1, 2),
(66, '2025-05-21', '12:30:49', 66, 1, 3),
(67, '2025-04-26', '14:15:04', 67, 4, 2),
(68, '2025-05-24', '15:45:16', 68, 2, 3),
(69, '2025-04-19', '15:15:26', 69, 2, 3),
(70, '2025-06-11', '15:45:02', 70, 4, 3),
(71, '2025-05-14', '14:15:45', 71, 4, 2),
(72, '2025-05-23', '18:30:11', 72, 2, 2),
(73, '2025-05-29', '21:30:25', 73, 4, 1),
(74, '2025-05-06', '15:30:03', 74, 1, 2),
(75, '2025-05-13', '10:45:23', 75, 3, 2),
(76, '2025-04-30', '15:00:23', 76, 3, 2),
(77, '2025-06-03', '19:15:46', 77, 2, 1),
(78, '2025-05-01', '18:30:57', 78, 1, 2),
(79, '2025-06-07', '17:30:46', 79, 1, 1),
(80, '2025-04-26', '13:00:05', 80, 1, 1),
(81, '2025-05-12', '12:00:09', 81, 4, 2),
(82, '2025-05-24', '21:45:03', 82, 4, 3),
(83, '2025-04-24', '12:00:25', 83, 2, 3),
(84, '2025-04-30', '13:30:52', 84, 3, 2),
(85, '2025-04-24', '12:00:57', 85, 1, 1),
(86, '2025-04-26', '12:45:57', 86, 2, 2),
(87, '2025-04-17', '10:00:10', 87, 3, 2),
(88, '2025-04-19', '11:30:07', 88, 1, 2),
(89, '2025-05-30', '15:30:28', 89, 2, 3),
(90, '2025-04-30', '10:45:18', 90, 3, 1),
(91, '2025-05-09', '17:15:54', 91, 1, 1),
(92, '2025-05-12', '15:30:41', 92, 1, 1),
(93, '2025-05-29', '10:00:25', 93, 1, 2),
(94, '2025-04-25', '14:00:13', 94, 2, 3),
(95, '2025-05-02', '10:30:22', 95, 1, 1),
(96, '2025-06-12', '16:00:32', 96, 2, 3),
(97, '2025-04-24', '11:00:34', 97, 3, 2),
(98, '2025-04-29', '13:30:56', 98, 1, 3),
(99, '2025-04-30', '18:30:22', 99, 2, 1),
(100, '2025-05-19', '12:00:23', 100, 3, 2),
(101, '2025-06-10', '10:45:31', 101, 1, 3),
(102, '2025-05-03', '10:45:36', 102, 1, 2),
(103, '2025-05-05', '11:45:45', 103, 1, 2),
(104, '2025-05-10', '10:15:30', 104, 3, 3),
(105, '2025-05-26', '13:15:36', 105, 2, 2),
(106, '2025-05-23', '13:00:00', 106, 3, 2),
(107, '2025-05-09', '17:15:21', 107, 4, 2),
(108, '2025-06-14', '12:30:53', 108, 2, 1),
(109, '2025-06-10', '14:45:20', 109, 4, 2),
(110, '2025-06-05', '13:30:06', 110, 4, 2),
(111, '2025-05-06', '12:00:40', 111, 3, 1),
(112, '2025-04-26', '13:15:19', 112, 2, 2),
(113, '2025-06-07', '10:00:36', 113, 1, 1),
(114, '2025-04-28', '21:00:22', 114, 4, 1),
(115, '2025-06-14', '19:30:15', 115, 4, 1),
(116, '2025-06-04', '11:45:25', 116, 1, 2),
(117, '2025-05-29', '19:00:18', 117, 2, 3),
(118, '2025-05-21', '16:45:20', 118, 4, 3),
(119, '2025-06-02', '12:45:19', 119, 1, 1),
(120, '2025-05-16', '13:15:26', 120, 1, 3),
(121, '2025-06-02', '12:45:23', 121, 1, 2),
(122, '2025-05-07', '11:30:29', 122, 2, 2),
(123, '2025-06-13', '10:45:07', 123, 2, 1),
(124, '2025-05-20', '13:00:11', 124, 2, 1),
(125, '2025-05-14', '11:15:04', 125, 2, 2),
(126, '2025-05-07', '18:45:46', 126, 1, 1),
(127, '2025-04-25', '19:00:27', 127, 3, 1),
(128, '2025-04-18', '18:45:13', 128, 1, 3),
(129, '2025-05-19', '18:00:46', 129, 3, 3),
(130, '2025-05-22', '18:15:45', 130, 4, 3),
(131, '2025-06-07', '19:00:45', 131, 4, 1),
(132, '2025-04-19', '13:45:34', 132, 3, 3),
(133, '2025-05-01', '11:45:38', 133, 2, 1),
(134, '2025-05-08', '13:30:21', 134, 4, 2),
(135, '2025-06-11', '18:15:10', 135, 1, 3),
(136, '2025-04-19', '13:00:03', 136, 4, 1),
(137, '2025-05-05', '19:30:34', 137, 2, 1),
(138, '2025-04-29', '12:15:03', 138, 2, 2),
(139, '2025-06-09', '14:45:17', 139, 3, 3),
(140, '2025-05-30', '18:00:04', 140, 2, 2),
(141, '2025-05-19', '10:15:47', 141, 2, 3),
(142, '2025-04-21', '12:00:40', 142, 1, 1),
(143, '2025-06-11', '12:15:54', 143, 3, 1),
(144, '2025-06-05', '18:30:54', 144, 4, 1),
(145, '2025-04-24', '13:30:45', 145, 1, 1),
(146, '2025-06-12', '18:00:26', 146, 2, 2),
(147, '2025-06-11', '15:45:12', 147, 4, 1),
(148, '2025-04-25', '15:15:59', 148, 1, 2),
(149, '2025-05-12', '16:45:57', 149, 4, 3),
(150, '2025-06-07', '12:00:43', 150, 2, 1),
(151, '2025-04-28', '19:00:26', 151, 2, 3),
(152, '2025-04-25', '17:30:24', 152, 1, 3),
(153, '2025-06-12', '19:15:07', 153, 2, 1),
(154, '2025-05-27', '18:30:04', 154, 2, 3),
(155, '2025-05-17', '13:15:36', 155, 4, 1),
(156, '2025-05-31', '16:45:00', 156, 1, 3),
(157, '2025-06-11', '16:30:53', 157, 3, 2),
(158, '2025-05-16', '11:45:14', 158, 4, 3),
(159, '2025-05-16', '11:45:23', 159, 2, 2),
(160, '2025-06-11', '19:30:49', 160, 3, 2),
(161, '2025-05-23', '17:45:25', 161, 1, 1),
(162, '2025-04-25', '19:15:45', 162, 3, 1),
(163, '2025-05-03', '16:00:19', 163, 4, 3),
(164, '2025-05-01', '13:45:12', 164, 4, 1),
(165, '2025-06-03', '13:45:56', 165, 4, 1),
(166, '2025-06-09', '12:30:13', 166, 3, 2),
(167, '2025-04-26', '15:30:17', 167, 2, 3),
(168, '2025-06-04', '18:00:34', 168, 1, 3),
(169, '2025-05-09', '19:45:09', 169, 1, 3),
(170, '2025-05-28', '11:45:16', 170, 3, 1),
(171, '2025-05-31', '13:15:46', 171, 3, 2),
(172, '2025-05-12', '15:00:23', 172, 2, 3),
(173, '2025-05-28', '13:30:12', 173, 2, 1),
(174, '2025-04-24', '11:00:45', 174, 2, 2),
(175, '2025-04-26', '17:00:23', 175, 4, 3),
(176, '2025-05-26', '17:45:58', 176, 3, 3),
(177, '2025-05-03', '17:30:50', 177, 3, 2),
(178, '2025-05-16', '15:15:23', 178, 3, 1),
(179, '2025-05-14', '19:45:54', 179, 3, 2),
(180, '2025-05-16', '20:45:51', 180, 4, 1),
(181, '2025-05-14', '14:15:05', 181, 2, 1),
(182, '2025-05-21', '15:00:34', 182, 3, 3),
(183, '2025-06-14', '19:30:32', 183, 3, 1),
(184, '2025-05-21', '16:15:20', 184, 2, 2),
(185, '2025-05-03', '17:30:54', 185, 4, 2),
(186, '2025-06-02', '13:00:29', 186, 1, 2),
(187, '2025-06-05', '15:00:17', 187, 2, 1),
(188, '2025-05-17', '14:00:42', 188, 1, 2),
(189, '2025-04-28', '13:15:26', 189, 2, 1),
(190, '2025-05-23', '14:15:45', 190, 3, 1),
(191, '2025-05-13', '14:45:14', 191, 4, 1),
(192, '2025-04-25', '10:00:31', 192, 1, 3),
(193, '2025-05-20', '12:00:05', 193, 2, 2),
(194, '2025-04-22', '12:30:20', 194, 4, 1),
(195, '2025-05-30', '14:15:27', 195, 3, 3),
(196, '2025-05-12', '14:45:03', 196, 3, 1),
(197, '2025-05-09', '12:00:44', 197, 2, 3),
(198, '2025-05-15', '12:15:57', 198, 3, 2),
(199, '2025-05-12', '13:45:25', 199, 4, 3),
(200, '2025-05-22', '14:15:29', 200, 4, 1),
(201, '2025-06-06', '10:00:59', 201, 3, 3),
(202, '2025-04-24', '12:45:59', 202, 3, 3),
(203, '2025-06-10', '15:30:41', 203, 1, 3),
(204, '2025-04-26', '10:00:58', 204, 1, 1),
(205, '2025-05-10', '12:00:19', 205, 2, 1),
(206, '2025-05-22', '21:15:07', 206, 4, 2),
(207, '2025-06-13', '13:00:49', 207, 3, 1),
(208, '2025-04-19', '19:00:31', 208, 4, 1),
(209, '2025-06-12', '11:15:24', 209, 2, 3),
(210, '2025-05-20', '12:45:11', 210, 3, 3),
(211, '2025-06-13', '19:45:50', 211, 2, 1),
(212, '2025-05-20', '15:30:52', 212, 2, 3),
(213, '2025-04-25', '13:15:10', 213, 2, 1),
(214, '2025-04-29', '14:15:57', 214, 4, 3),
(215, '2025-05-01', '10:30:23', 215, 2, 2),
(216, '2025-04-24', '15:15:08', 216, 2, 1),
(217, '2025-05-14', '12:30:02', 217, 4, 2),
(218, '2025-05-16', '10:45:02', 218, 1, 3),
(219, '2025-06-02', '20:45:50', 219, 4, 1),
(220, '2025-04-19', '13:45:02', 220, 2, 1),
(221, '2025-06-14', '12:15:25', 221, 4, 1),
(222, '2025-05-20', '18:15:45', 222, 2, 1),
(223, '2025-05-09', '15:30:49', 223, 4, 2),
(224, '2025-05-10', '15:45:48', 224, 2, 2),
(225, '2025-06-05', '13:15:44', 225, 2, 1),
(226, '2025-06-04', '18:00:40', 226, 2, 1),
(227, '2025-04-19', '14:15:22', 227, 3, 3),
(228, '2025-04-26', '12:15:46', 228, 2, 2),
(229, '2025-05-16', '16:15:52', 229, 1, 3),
(230, '2025-05-21', '15:00:57', 230, 2, 2),
(231, '2025-05-28', '14:00:54', 231, 4, 3),
(232, '2025-06-06', '14:45:43', 232, 1, 2),
(233, '2025-05-26', '13:00:31', 233, 1, 3),
(234, '2025-05-22', '18:30:49', 234, 2, 1),
(235, '2025-04-28', '12:00:56', 235, 3, 3),
(236, '2025-06-10', '16:15:25', 236, 2, 3),
(237, '2025-06-11', '16:15:36', 237, 3, 3),
(238, '2025-05-10', '16:00:20', 238, 3, 3),
(239, '2025-05-26', '11:30:20', 239, 4, 2),
(240, '2025-05-03', '12:00:23', 240, 1, 1),
(241, '2025-05-14', '11:00:36', 241, 3, 3),
(242, '2025-05-21', '16:30:01', 242, 3, 3),
(243, '2025-04-26', '19:45:37', 243, 1, 1),
(244, '2025-05-02', '17:45:22', 244, 3, 1),
(245, '2025-06-11', '11:15:01', 245, 4, 2),
(246, '2025-06-03', '13:00:04', 246, 4, 3),
(247, '2025-04-28', '12:15:46', 247, 4, 3),
(248, '2025-06-09', '14:00:12', 248, 2, 3),
(249, '2025-05-28', '20:45:29', 249, 4, 3),
(250, '2025-05-03', '17:00:36', 250, 4, 3),
(251, '2025-05-10', '11:15:27', 251, 2, 2),
(252, '2025-05-10', '11:15:08', 252, 2, 2),
(253, '2025-04-28', '21:00:29', 253, 4, 2),
(254, '2025-04-24', '21:45:22', 254, 4, 1),
(255, '2025-04-29', '19:30:12', 255, 2, 1),
(256, '2025-05-01', '16:30:19', 256, 1, 1),
(257, '2025-06-13', '12:15:07', 257, 3, 1),
(258, '2025-06-12', '11:00:22', 258, 2, 1),
(259, '2025-04-18', '17:45:17', 259, 3, 2),
(260, '2025-05-03', '15:45:00', 260, 4, 3),
(261, '2025-06-11', '12:45:35', 261, 1, 2),
(262, '2025-05-16', '14:45:31', 262, 3, 2),
(263, '2025-05-23', '20:45:59', 263, 4, 2),
(264, '2025-06-09', '14:45:56', 264, 4, 2),
(265, '2025-05-14', '14:30:02', 265, 1, 1),
(266, '2025-05-15', '15:30:44', 266, 2, 1),
(267, '2025-05-10', '10:45:17', 267, 2, 3),
(268, '2025-05-14', '17:45:05', 268, 2, 1),
(269, '2025-04-29', '12:45:14', 269, 3, 2),
(270, '2025-05-30', '15:45:46', 270, 1, 1),
(271, '2025-06-02', '15:00:10', 271, 3, 3),
(272, '2025-06-03', '17:15:27', 272, 4, 2),
(273, '2025-05-28', '15:30:58', 273, 1, 3),
(274, '2025-04-30', '19:45:22', 274, 3, 2),
(275, '2025-05-15', '14:30:21', 275, 4, 2),
(276, '2025-05-24', '14:30:50', 276, 2, 1),
(277, '2025-04-17', '19:00:25', 277, 3, 3),
(278, '2025-05-01', '19:15:53', 278, 2, 3),
(279, '2025-05-27', '19:45:18', 279, 3, 1),
(280, '2025-05-03', '16:30:01', 280, 3, 3),
(281, '2025-04-19', '12:15:03', 281, 2, 3),
(282, '2025-05-21', '13:45:46', 282, 4, 1),
(283, '2025-05-03', '11:15:10', 283, 3, 1),
(284, '2025-06-14', '13:00:44', 284, 4, 1),
(285, '2025-06-06', '11:45:20', 285, 4, 2),
(286, '2025-05-07', '13:30:40', 286, 3, 3),
(287, '2025-04-17', '16:30:30', 287, 4, 3),
(288, '2025-06-05', '10:15:00', 288, 2, 1),
(289, '2025-05-23', '19:45:54', 289, 3, 2),
(290, '2025-05-17', '12:15:36', 290, 1, 1),
(291, '2025-06-13', '15:00:08', 291, 2, 1),
(292, '2025-05-30', '16:45:55', 292, 4, 2),
(293, '2025-05-07', '14:30:37', 293, 4, 2),
(294, '2025-04-29', '11:45:51', 294, 4, 1),
(295, '2025-05-03', '11:30:45', 295, 2, 2),
(296, '2025-05-05', '13:30:44', 296, 3, 2),
(297, '2025-05-16', '14:00:04', 297, 4, 1),
(298, '2025-05-06', '10:15:18', 298, 3, 1),
(299, '2025-05-31', '13:15:02', 299, 4, 1),
(300, '2025-05-31', '17:30:11', 300, 3, 2),
(301, '2025-05-15', '11:00:19', 301, 2, 1),
(302, '2025-04-26', '20:45:32', 302, 4, 3),
(303, '2025-04-24', '19:00:02', 303, 4, 3),
(304, '2025-04-17', '12:30:24', 304, 3, 3),
(305, '2025-06-11', '11:45:28', 305, 2, 2),
(306, '2025-06-10', '15:15:02', 306, 4, 2),
(307, '2025-05-30', '10:15:14', 307, 3, 3),
(308, '2025-04-17', '10:15:10', 308, 3, 3),
(309, '2025-04-30', '16:45:21', 309, 3, 1),
(310, '2025-05-13', '12:15:12', 310, 3, 1),
(311, '2025-05-07', '19:15:00', 311, 2, 1),
(312, '2025-06-13', '15:45:36', 312, 2, 1),
(313, '2025-05-30', '10:15:01', 313, 2, 1),
(314, '2025-05-31', '16:45:28', 314, 3, 1),
(315, '2025-04-22', '16:45:23', 315, 1, 1),
(316, '2025-05-13', '13:45:39', 316, 4, 3),
(317, '2025-05-20', '13:00:11', 317, 3, 2),
(318, '2025-04-28', '13:00:05', 318, 3, 1),
(319, '2025-05-29', '17:15:15', 319, 3, 1),
(320, '2025-05-30', '12:00:08', 320, 3, 3),
(321, '2025-05-24', '12:00:05', 321, 4, 2),
(322, '2025-04-23', '12:15:18', 322, 2, 1),
(323, '2025-05-19', '17:45:58', 323, 1, 2),
(324, '2025-04-26', '12:45:41', 324, 4, 3),
(325, '2025-04-24', '16:30:26', 325, 4, 1),
(326, '2025-04-30', '14:00:24', 326, 2, 2),
(327, '2025-04-29', '18:45:09', 327, 2, 3),
(328, '2025-05-10', '15:00:11', 328, 2, 1),
(329, '2025-05-22', '19:30:24', 329, 1, 2),
(330, '2025-04-19', '14:15:15', 330, 3, 2),
(331, '2025-05-28', '17:00:50', 331, 2, 1),
(332, '2025-06-07', '11:00:03', 332, 2, 1),
(333, '2025-05-07', '19:00:15', 333, 4, 3),
(334, '2025-05-20', '20:00:42', 334, 4, 1),
(335, '2025-05-12', '17:30:44', 335, 1, 1),
(336, '2025-04-29', '19:15:22', 336, 2, 1),
(337, '2025-05-02', '15:15:38', 337, 3, 2),
(338, '2025-04-21', '17:00:11', 338, 1, 1),
(339, '2025-06-04', '17:30:15', 339, 4, 1),
(340, '2025-05-05', '13:15:01', 340, 4, 2),
(341, '2025-05-24', '12:00:24', 341, 2, 1),
(342, '2025-05-17', '14:45:54', 342, 3, 1),
(343, '2025-05-31', '18:15:12', 343, 1, 2),
(344, '2025-05-24', '17:00:19', 344, 3, 3),
(345, '2025-05-07', '19:30:00', 345, 4, 2),
(346, '2025-05-12', '12:00:55', 346, 1, 2),
(347, '2025-04-30', '19:30:04', 347, 4, 3),
(348, '2025-04-18', '13:45:31', 348, 3, 2),
(349, '2025-04-30', '16:45:40', 349, 2, 3),
(350, '2025-05-30', '19:30:26', 350, 2, 1),
(351, '2025-05-26', '17:45:30', 351, 2, 2),
(352, '2025-04-17', '12:30:36', 352, 2, 1),
(353, '2025-06-13', '12:45:22', 353, 4, 3),
(354, '2025-06-09', '19:15:01', 354, 2, 3),
(355, '2025-05-19', '12:30:07', 355, 2, 1),
(356, '2025-05-22', '14:00:09', 356, 4, 3),
(357, '2025-05-22', '19:45:14', 357, 3, 2),
(358, '2025-05-28', '21:15:41', 358, 4, 2),
(359, '2025-06-02', '12:00:27', 359, 3, 2),
(360, '2025-06-10', '14:00:41', 360, 3, 3),
(361, '2025-05-05', '11:15:13', 361, 3, 3),
(362, '2025-06-07', '18:00:02', 362, 2, 2),
(363, '2025-05-03', '12:00:52', 363, 2, 3),
(364, '2025-06-09', '12:00:53', 364, 2, 1),
(365, '2025-04-17', '15:30:32', 365, 1, 3),
(366, '2025-06-06', '18:15:55', 366, 3, 2),
(367, '2025-05-06', '19:45:25', 367, 4, 2),
(368, '2025-06-14', '19:00:33', 368, 1, 2),
(369, '2025-05-27', '16:30:19', 369, 1, 1),
(370, '2025-04-25', '10:45:11', 370, 1, 3),
(371, '2025-05-08', '18:45:15', 371, 4, 2),
(372, '2025-05-07', '16:45:18', 372, 3, 2),
(373, '2025-04-21', '11:45:46', 373, 3, 1),
(374, '2025-05-30', '12:00:39', 374, 3, 1),
(375, '2025-04-23', '13:15:04', 375, 4, 1),
(376, '2025-06-02', '14:00:02', 376, 1, 2),
(377, '2025-06-03', '18:15:50', 377, 3, 1),
(378, '2025-05-24', '19:00:05', 378, 4, 2),
(379, '2025-04-30', '13:45:37', 379, 4, 3),
(380, '2025-05-01', '19:00:41', 380, 3, 1),
(381, '2025-05-08', '11:00:03', 381, 2, 1),
(382, '2025-05-14', '17:00:47', 382, 4, 3),
(383, '2025-04-21', '10:00:00', 383, 2, 2),
(384, '2025-05-31', '18:30:12', 384, 2, 3),
(385, '2025-05-16', '11:00:20', 385, 2, 3),
(386, '2025-06-12', '12:30:15', 386, 3, 3),
(387, '2025-05-28', '15:15:59', 387, 1, 2),
(388, '2025-04-30', '19:00:03', 388, 2, 2),
(389, '2025-05-16', '13:45:48', 389, 4, 2),
(390, '2025-05-28', '12:15:56', 390, 2, 3),
(391, '2025-04-30', '21:15:13', 391, 4, 2),
(392, '2025-05-15', '18:30:40', 392, 1, 1),
(393, '2025-04-29', '13:45:29', 393, 4, 1),
(394, '2025-05-28', '19:30:49', 394, 4, 1),
(395, '2025-06-14', '13:15:42', 395, 1, 3),
(396, '2025-04-17', '13:15:45', 396, 2, 3),
(397, '2025-06-04', '18:15:22', 397, 1, 1),
(398, '2025-05-12', '18:45:20', 398, 1, 3),
(399, '2025-04-19', '16:45:31', 399, 1, 2),
(400, '2025-06-07', '16:30:52', 400, 1, 3),
(401, '2025-06-03', '18:00:54', 401, 1, 3),
(402, '2025-05-26', '11:15:29', 402, 2, 3),
(403, '2025-05-13', '12:45:58', 403, 4, 3),
(404, '2025-04-24', '15:45:37', 404, 1, 3),
(405, '2025-04-28', '18:30:22', 405, 2, 3),
(406, '2025-05-09', '10:15:44', 406, 2, 2),
(407, '2025-05-17', '16:45:48', 407, 3, 1),
(408, '2025-04-30', '19:00:08', 408, 3, 2),
(409, '2025-05-13', '14:15:21', 409, 2, 2),
(410, '2025-05-29', '16:00:48', 410, 3, 2),
(411, '2025-04-21', '12:00:28', 411, 3, 2),
(412, '2025-04-29', '13:45:27', 412, 4, 3),
(413, '2025-05-23', '17:45:31', 413, 1, 1),
(414, '2025-05-05', '18:45:19', 414, 1, 3),
(415, '2025-04-25', '15:30:43', 415, 4, 3),
(416, '2025-05-03', '16:30:04', 416, 3, 3),
(417, '2025-05-31', '11:45:29', 417, 3, 1),
(418, '2025-05-24', '19:30:13', 418, 4, 2),
(419, '2025-04-22', '16:30:49', 419, 1, 3),
(420, '2025-05-06', '14:30:20', 420, 1, 1),
(421, '2025-04-17', '18:45:56', 421, 2, 1),
(422, '2025-05-22', '11:00:10', 422, 2, 2),
(423, '2025-06-05', '11:45:25', 423, 4, 2),
(424, '2025-05-05', '10:15:17', 424, 1, 3),
(425, '2025-05-27', '18:00:49', 425, 3, 1),
(426, '2025-06-14', '10:30:30', 426, 2, 2),
(427, '2025-04-26', '19:45:16', 427, 2, 3),
(428, '2025-06-07', '16:15:00', 428, 3, 1),
(429, '2025-05-13', '10:00:00', 429, 3, 1),
(430, '2025-06-12', '16:45:06', 430, 3, 3),
(431, '2025-04-18', '13:00:58', 431, 3, 2),
(432, '2025-05-17', '11:30:49', 432, 3, 3),
(433, '2025-05-31', '19:30:27', 433, 4, 2),
(434, '2025-05-03', '18:45:58', 434, 1, 3),
(435, '2025-06-13', '18:45:10', 435, 1, 2),
(436, '2025-04-28', '10:00:40', 436, 1, 1),
(437, '2025-05-14', '11:00:14', 437, 3, 2),
(438, '2025-05-24', '14:15:38', 438, 3, 3),
(439, '2025-06-12', '18:30:42', 439, 4, 2),
(440, '2025-05-14', '16:15:19', 440, 4, 1),
(441, '2025-05-17', '12:00:20', 441, 2, 2),
(442, '2025-04-30', '18:15:20', 442, 4, 2),
(443, '2025-04-18', '12:15:07', 443, 2, 3),
(444, '2025-06-14', '13:15:59', 444, 3, 3),
(445, '2025-04-28', '17:00:16', 445, 3, 2),
(446, '2025-05-23', '17:30:34', 446, 4, 2),
(447, '2025-04-25', '15:15:38', 447, 3, 2),
(448, '2025-05-22', '11:15:34', 448, 2, 1),
(449, '2025-05-22', '17:00:08', 449, 1, 2),
(450, '2025-05-21', '13:00:10', 450, 3, 3),
(451, '2025-05-01', '10:15:25', 451, 1, 1),
(452, '2025-04-26', '11:00:59', 452, 2, 3),
(453, '2025-04-18', '14:15:40', 453, 4, 2),
(454, '2025-05-09', '16:30:34', 454, 2, 3),
(455, '2025-05-06', '19:30:35', 455, 2, 2),
(456, '2025-04-23', '18:30:10', 456, 3, 1),
(457, '2025-05-02', '12:30:08', 457, 3, 3),
(458, '2025-05-22', '16:00:32', 458, 1, 2),
(459, '2025-05-09', '19:00:28', 459, 3, 1),
(460, '2025-06-11', '10:00:23', 460, 3, 2),
(461, '2025-05-01', '14:45:29', 461, 1, 2),
(462, '2025-05-26', '14:30:40', 462, 4, 1),
(463, '2025-05-20', '14:45:55', 463, 2, 3),
(464, '2025-04-22', '11:45:07', 464, 3, 2),
(465, '2025-05-02', '19:45:12', 465, 3, 2),
(466, '2025-05-24', '10:30:14', 466, 2, 2),
(467, '2025-05-08', '13:15:07', 467, 1, 3),
(468, '2025-05-30', '12:00:44', 468, 4, 1),
(469, '2025-05-28', '16:00:32', 469, 2, 2),
(470, '2025-05-08', '18:00:22', 470, 2, 1),
(471, '2025-05-10', '14:00:18', 471, 4, 3),
(472, '2025-05-14', '15:00:20', 472, 2, 1),
(473, '2025-06-06', '15:45:20', 473, 4, 3),
(474, '2025-05-30', '13:45:51', 474, 3, 3),
(475, '2025-06-11', '18:00:22', 475, 1, 2),
(476, '2025-04-25', '14:30:17', 476, 4, 2),
(477, '2025-05-09', '17:45:47', 477, 1, 2),
(478, '2025-06-03', '20:00:19', 478, 4, 1),
(479, '2025-05-30', '13:30:56', 479, 4, 2),
(480, '2025-04-29', '15:30:03', 480, 4, 3),
(481, '2025-05-02', '10:00:03', 481, 1, 3),
(482, '2025-05-01', '17:15:36', 482, 3, 1),
(483, '2025-05-06', '15:15:06', 483, 2, 3),
(484, '2025-06-09', '21:30:57', 484, 4, 2),
(485, '2025-06-03', '16:30:47', 485, 3, 3),
(486, '2025-04-18', '19:45:37', 486, 3, 2),
(487, '2025-05-13', '18:30:52', 487, 2, 2),
(488, '2025-05-21', '18:15:33', 488, 3, 3),
(489, '2025-06-06', '12:15:04', 489, 1, 2),
(490, '2025-04-21', '19:00:52', 490, 4, 1),
(491, '2025-05-23', '19:45:57', 491, 2, 1),
(492, '2025-05-12', '15:30:58', 492, 1, 2),
(493, '2025-05-21', '14:15:27', 493, 1, 2),
(494, '2025-04-19', '18:45:33', 494, 2, 1),
(495, '2025-06-09', '13:00:13', 495, 2, 3),
(496, '2025-05-08', '16:00:49', 496, 3, 1),
(497, '2025-05-03', '19:45:53', 497, 2, 3),
(498, '2025-06-09', '15:00:56', 498, 3, 1),
(499, '2025-04-21', '11:45:29', 499, 2, 3),
(500, '2025-06-11', '15:15:35', 500, 3, 2),
(501, '2025-05-14', '13:30:05', 474, 2, 3),
(502, '2025-04-26', '18:00:48', 425, 3, 3),
(503, '2025-04-21', '15:15:08', 238, 1, 3),
(504, '2025-06-13', '11:15:50', 203, 1, 3),
(505, '2025-06-14', '18:15:54', 41, 2, 3),
(506, '2025-05-23', '15:30:07', 243, 2, 1),
(507, '2025-05-14', '19:00:44', 371, 1, 3),
(508, '2025-05-06', '18:00:02', 168, 1, 2),
(509, '2025-06-11', '14:15:45', 168, 2, 2),
(510, '2025-05-16', '15:45:13', 106, 1, 2),
(511, '2025-05-16', '17:00:13', 388, 2, 3),
(512, '2025-05-08', '20:15:13', 179, 4, 2),
(513, '2025-04-30', '10:30:34', 124, 1, 2),
(514, '2025-04-19', '12:30:40', 500, 4, 2),
(515, '2025-04-26', '11:30:55', 231, 2, 2),
(516, '2025-05-17', '19:45:36', 421, 2, 1),
(517, '2025-05-20', '11:45:18', 183, 1, 1),
(518, '2025-04-25', '12:15:30', 202, 1, 2),
(519, '2025-05-12', '12:45:49', 94, 1, 3),
(520, '2025-05-15', '15:15:18', 194, 1, 1),
(521, '2025-06-09', '15:30:04', 267, 4, 3),
(522, '2025-05-15', '10:00:39', 350, 1, 3),
(523, '2025-05-22', '15:30:26', 237, 2, 2),
(524, '2025-05-19', '10:15:42', 22, 1, 3),
(525, '2025-06-14', '17:15:00', 280, 2, 2),
(526, '2025-05-09', '14:45:08', 74, 4, 3),
(527, '2025-06-07', '14:30:29', 447, 3, 1),
(528, '2025-04-19', '19:30:50', 271, 2, 1),
(529, '2025-06-13', '20:00:26', 475, 4, 2),
(530, '2025-05-27', '19:15:11', 206, 1, 3),
(531, '2025-04-19', '19:45:48', 275, 3, 2),
(532, '2025-05-22', '11:15:53', 447, 3, 2),
(533, '2025-04-21', '13:45:07', 276, 4, 2),
(534, '2025-05-31', '16:00:50', 137, 1, 1),
(535, '2025-05-17', '10:15:19', 388, 3, 1),
(536, '2025-05-08', '18:45:13', 303, 1, 3),
(537, '2025-05-13', '18:15:46', 241, 3, 1),
(538, '2025-05-16', '17:45:00', 110, 3, 2),
(539, '2025-05-29', '19:00:39', 49, 1, 1),
(540, '2025-05-20', '18:45:01', 483, 2, 1),
(541, '2025-06-05', '13:30:16', 280, 4, 1),
(542, '2025-06-12', '11:15:55', 497, 3, 1),
(543, '2025-06-09', '15:45:29', 458, 1, 1),
(544, '2025-05-26', '11:00:03', 4, 3, 3),
(545, '2025-05-09', '11:15:10', 354, 3, 2),
(546, '2025-04-18', '18:00:03', 191, 2, 3),
(547, '2025-04-23', '11:15:09', 248, 3, 2),
(548, '2025-05-12', '19:45:09', 279, 1, 3),
(549, '2025-05-27', '14:15:11', 200, 4, 2),
(550, '2025-05-09', '12:15:18', 41, 3, 1),
(551, '2025-04-24', '12:45:06', 136, 2, 1),
(552, '2025-04-30', '10:15:19', 274, 1, 2),
(553, '2025-05-14', '16:15:03', 270, 1, 2),
(554, '2025-06-04', '18:15:03', 7, 4, 1),
(555, '2025-06-12', '19:30:49', 399, 1, 1),
(556, '2025-05-15', '11:30:12', 201, 2, 2),
(557, '2025-05-06', '10:30:29', 491, 1, 2),
(558, '2025-05-22', '10:00:31', 310, 1, 1),
(559, '2025-05-21', '10:45:13', 70, 1, 3),
(560, '2025-06-09', '10:45:10', 237, 2, 1),
(561, '2025-06-07', '18:45:36', 48, 2, 1),
(562, '2025-05-08', '12:45:31', 381, 4, 1),
(563, '2025-06-06', '14:30:55', 96, 1, 3),
(564, '2025-05-26', '12:45:07', 397, 4, 3),
(565, '2025-05-05', '17:00:29', 86, 1, 2),
(566, '2025-05-28', '11:15:52', 157, 4, 1),
(567, '2025-05-23', '12:15:23', 389, 3, 1),
(568, '2025-04-28', '11:15:21', 48, 4, 1),
(569, '2025-05-02', '11:15:46', 110, 3, 3),
(570, '2025-06-13', '14:45:51', 374, 3, 2),
(571, '2025-06-02', '20:00:13', 453, 4, 3),
(572, '2025-05-15', '15:00:14', 94, 3, 1),
(573, '2025-05-15', '17:30:46', 241, 1, 3),
(574, '2025-04-25', '14:30:52', 13, 2, 3),
(575, '2025-05-02', '11:45:02', 184, 3, 1),
(576, '2025-06-07', '15:00:10', 55, 1, 2),
(577, '2025-05-16', '19:45:16', 277, 3, 2),
(578, '2025-05-14', '13:15:29', 285, 4, 2),
(579, '2025-06-14', '14:45:16', 31, 3, 1),
(580, '2025-04-21', '17:00:36', 262, 2, 1),
(581, '2025-06-12', '15:15:05', 293, 4, 2),
(582, '2025-06-12', '16:15:25', 154, 1, 3),
(583, '2025-04-22', '13:30:14', 493, 2, 2),
(584, '2025-05-26', '15:45:02', 277, 4, 3),
(585, '2025-06-06', '19:45:20', 81, 2, 2),
(586, '2025-06-02', '10:15:04', 222, 2, 1),
(587, '2025-04-21', '21:15:55', 103, 4, 1),
(588, '2025-05-21', '13:15:00', 184, 1, 1),
(589, '2025-06-13', '14:30:47', 11, 4, 3),
(590, '2025-05-12', '19:00:39', 207, 2, 1),
(591, '2025-05-07', '11:30:07', 2, 1, 2),
(592, '2025-06-14', '19:00:24', 409, 1, 3),
(593, '2025-04-21', '13:15:43', 386, 2, 2),
(594, '2025-05-12', '20:00:24', 104, 4, 1),
(595, '2025-04-17', '14:00:54', 278, 3, 3),
(596, '2025-05-10', '16:15:02', 218, 3, 1),
(597, '2025-05-01', '13:15:27', 12, 3, 1),
(598, '2025-06-07', '17:00:59', 456, 2, 1),
(599, '2025-06-09', '11:30:44', 268, 3, 2),
(600, '2025-05-08', '19:30:09', 169, 2, 1),
(601, '2025-04-29', '10:00:23', 97, 3, 1),
(602, '2025-04-19', '14:45:26', 166, 2, 1),
(603, '2025-05-22', '20:30:18', 229, 4, 3),
(604, '2025-04-23', '16:45:28', 456, 3, 1),
(605, '2025-06-11', '10:15:17', 367, 1, 3),
(606, '2025-06-13', '18:00:44', 370, 2, 3),
(607, '2025-06-05', '18:45:38', 78, 2, 2),
(608, '2025-06-14', '16:15:02', 496, 2, 3),
(609, '2025-05-08', '17:30:44', 178, 1, 2),
(610, '2025-06-05', '14:30:40', 464, 4, 1),
(611, '2025-05-23', '13:30:29', 211, 2, 1),
(612, '2025-05-24', '12:00:49', 5, 1, 3),
(613, '2025-06-05', '11:00:43', 487, 3, 2),
(614, '2025-06-10', '15:30:36', 481, 2, 1),
(615, '2025-04-26', '12:00:03', 147, 4, 2),
(616, '2025-06-02', '10:30:27', 309, 2, 2),
(617, '2025-06-11', '12:15:33', 13, 1, 1),
(618, '2025-06-09', '11:15:12', 235, 1, 1),
(619, '2025-04-21', '12:30:05', 291, 4, 1),
(620, '2025-04-28', '18:30:00', 16, 3, 2),
(621, '2025-05-14', '16:15:52', 377, 4, 3),
(622, '2025-04-19', '14:45:46', 468, 3, 1),
(623, '2025-05-23', '12:45:26', 497, 2, 1),
(624, '2025-04-29', '16:00:06', 437, 3, 3),
(625, '2025-05-21', '10:30:31', 46, 2, 3),
(626, '2025-04-29', '14:45:54', 381, 2, 1),
(627, '2025-05-28', '18:45:05', 133, 3, 2),
(628, '2025-05-06', '12:30:48', 210, 2, 1),
(629, '2025-04-25', '17:15:25', 384, 2, 2),
(630, '2025-05-08', '17:45:59', 2, 4, 2),
(631, '2025-04-24', '13:15:17', 478, 4, 1),
(632, '2025-04-30', '17:45:32', 490, 4, 2),
(633, '2025-04-30', '17:45:53', 405, 3, 1),
(634, '2025-06-03', '13:30:00', 340, 1, 1),
(635, '2025-06-07', '18:45:19', 212, 3, 1),
(636, '2025-05-28', '14:15:19', 65, 3, 1),
(637, '2025-04-22', '17:15:07', 158, 4, 1),
(638, '2025-05-21', '15:30:10', 45, 4, 2),
(639, '2025-05-03', '10:45:42', 132, 2, 3),
(640, '2025-05-24', '11:00:42', 142, 1, 3),
(641, '2025-05-09', '18:00:33', 314, 2, 1),
(642, '2025-05-28', '16:15:19', 238, 1, 1),
(643, '2025-04-25', '18:15:46', 173, 3, 1),
(644, '2025-05-07', '19:45:34', 271, 3, 1),
(645, '2025-05-16', '10:30:54', 208, 3, 1),
(646, '2025-06-07', '12:00:10', 419, 1, 2),
(647, '2025-05-31', '11:15:15', 160, 3, 1),
(648, '2025-04-23', '11:30:39', 61, 4, 3),
(649, '2025-05-07', '11:15:31', 487, 4, 1),
(650, '2025-04-23', '11:00:12', 52, 4, 1),
(651, '2025-04-24', '11:45:35', 32, 2, 3),
(652, '2025-05-01', '11:00:51', 319, 1, 2),
(653, '2025-06-14', '14:45:52', 17, 2, 1),
(654, '2025-06-07', '12:45:48', 124, 4, 3),
(655, '2025-05-15', '11:45:56', 285, 1, 1),
(656, '2025-05-20', '18:30:06', 390, 1, 3),
(657, '2025-05-24', '19:30:55', 332, 4, 2),
(658, '2025-06-14', '11:15:28', 472, 1, 2),
(659, '2025-05-21', '11:00:30', 115, 2, 1),
(660, '2025-05-07', '19:00:30', 286, 4, 1),
(661, '2025-05-12', '13:45:07', 400, 1, 2),
(662, '2025-05-14', '18:00:49', 55, 1, 3),
(663, '2025-06-04', '13:45:16', 241, 2, 2),
(664, '2025-04-18', '18:15:31', 252, 1, 2),
(665, '2025-05-29', '17:45:35', 429, 1, 1),
(666, '2025-06-14', '14:00:43', 461, 2, 3),
(667, '2025-05-05', '15:45:55', 367, 3, 3),
(668, '2025-06-14', '14:30:12', 17, 2, 1),
(669, '2025-05-16', '12:00:25', 110, 2, 3),
(670, '2025-04-17', '20:45:35', 20, 4, 2),
(671, '2025-05-12', '16:45:01', 434, 3, 2),
(672, '2025-05-13', '11:45:39', 411, 3, 3),
(673, '2025-05-28', '12:00:20', 61, 3, 1),
(674, '2025-06-06', '15:15:24', 377, 4, 1),
(675, '2025-05-10', '13:15:23', 3, 1, 1),
(676, '2025-04-28', '12:30:54', 482, 3, 1),
(677, '2025-04-21', '19:15:36', 360, 1, 1),
(678, '2025-05-06', '18:00:14', 148, 3, 1),
(679, '2025-05-23', '16:00:52', 6, 1, 1),
(680, '2025-05-29', '12:00:23', 162, 1, 1),
(681, '2025-05-10', '18:45:44', 194, 3, 2),
(682, '2025-04-23', '13:30:14', 207, 2, 2),
(683, '2025-06-09', '10:30:01', 282, 1, 1),
(684, '2025-04-19', '17:45:16', 451, 3, 1),
(685, '2025-05-08', '12:30:30', 252, 4, 1),
(686, '2025-05-21', '11:15:34', 283, 3, 1),
(687, '2025-05-13', '16:00:08', 464, 4, 1),
(688, '2025-05-19', '19:00:21', 304, 4, 2),
(689, '2025-06-04', '21:00:48', 133, 4, 3),
(690, '2025-05-01', '13:15:46', 416, 4, 2),
(691, '2025-06-04', '14:45:48', 10, 3, 3),
(692, '2025-05-19', '16:45:29', 432, 3, 1),
(693, '2025-05-20', '17:00:01', 19, 1, 2),
(694, '2025-06-11', '12:30:24', 105, 4, 2),
(695, '2025-04-28', '19:15:30', 387, 4, 3),
(696, '2025-06-11', '11:45:20', 371, 2, 2),
(697, '2025-05-07', '12:45:18', 117, 1, 1),
(698, '2025-05-23', '17:15:24', 431, 3, 1),
(699, '2025-05-03', '15:30:49', 83, 2, 2),
(700, '2025-05-07', '13:45:11', 351, 4, 3),
(701, '2025-05-23', '17:45:27', 265, 1, 2),
(702, '2025-06-14', '21:45:43', 70, 4, 1),
(703, '2025-05-10', '13:30:13', 74, 1, 3),
(704, '2025-05-16', '17:15:22', 281, 4, 3),
(705, '2025-05-30', '19:45:38', 65, 4, 1),
(706, '2025-04-26', '14:45:37', 209, 1, 3),
(707, '2025-06-02', '15:30:49', 120, 1, 1),
(708, '2025-06-14', '10:15:30', 133, 3, 1),
(709, '2025-05-15', '15:45:27', 296, 1, 2),
(710, '2025-06-14', '13:30:26', 398, 3, 2),
(711, '2025-04-21', '19:45:31', 30, 4, 3),
(712, '2025-05-20', '12:45:54', 174, 3, 1),
(713, '2025-04-23', '13:30:09', 301, 1, 1),
(714, '2025-05-30', '13:45:46', 245, 4, 1),
(715, '2025-06-11', '12:15:30', 93, 2, 1),
(716, '2025-04-19', '17:30:41', 55, 1, 2),
(717, '2025-05-01', '17:00:27', 219, 1, 1),
(718, '2025-04-18', '12:30:07', 30, 3, 2),
(719, '2025-05-05', '20:15:02', 138, 4, 2),
(720, '2025-06-07', '20:00:13', 90, 4, 3),
(721, '2025-06-02', '10:15:47', 439, 2, 2),
(722, '2025-05-03', '11:30:11', 493, 1, 3),
(723, '2025-05-26', '12:00:27', 204, 4, 3),
(724, '2025-06-10', '18:00:58', 13, 4, 1),
(725, '2025-06-09', '14:45:56', 413, 4, 1),
(726, '2025-05-21', '10:30:37', 455, 1, 1),
(727, '2025-06-02', '18:15:16', 107, 4, 2),
(728, '2025-05-03', '11:45:10', 193, 2, 3),
(729, '2025-04-17', '17:15:58', 143, 4, 3),
(730, '2025-05-06', '19:00:47', 3, 2, 2),
(731, '2025-05-22', '10:15:56', 388, 3, 2),
(732, '2025-04-22', '11:15:47', 316, 3, 3),
(733, '2025-06-05', '13:45:11', 116, 4, 3),
(734, '2025-06-09', '19:00:52', 441, 2, 2),
(735, '2025-05-20', '14:45:03', 114, 1, 1),
(736, '2025-05-14', '18:45:41', 426, 4, 2),
(737, '2025-06-03', '13:30:22', 422, 4, 1),
(738, '2025-05-09', '19:30:01', 302, 3, 2),
(739, '2025-06-14', '15:00:26', 371, 4, 3),
(740, '2025-05-19', '11:15:02', 254, 4, 3),
(741, '2025-04-26', '19:15:38', 6, 1, 1),
(742, '2025-06-02', '15:30:56', 85, 1, 1),
(743, '2025-06-12', '14:00:37', 318, 3, 1),
(744, '2025-06-03', '13:15:13', 89, 3, 1),
(745, '2025-06-03', '15:00:02', 4, 2, 1),
(746, '2025-05-19', '15:00:07', 415, 3, 3),
(747, '2025-04-22', '15:30:21', 453, 2, 3),
(748, '2025-06-12', '16:30:44', 350, 2, 1),
(749, '2025-05-31', '13:15:18', 320, 2, 1),
(750, '2025-06-03', '13:00:51', 202, 4, 3),
(751, '2025-05-20', '11:15:53', 14, 2, 2),
(752, '2025-05-26', '12:00:28', 386, 1, 2),
(753, '2025-05-01', '16:15:03', 385, 4, 1),
(754, '2025-05-28', '17:15:04', 74, 4, 2),
(755, '2025-05-23', '14:15:04', 236, 3, 1),
(756, '2025-06-02', '11:15:57', 197, 3, 2),
(757, '2025-04-30', '19:15:11', 176, 1, 2),
(758, '2025-06-10', '11:45:23', 229, 2, 1),
(759, '2025-05-16', '16:30:30', 370, 2, 2),
(760, '2025-04-26', '15:45:06', 78, 4, 1),
(761, '2025-06-13', '12:45:51', 360, 4, 1),
(762, '2025-06-14', '18:30:20', 14, 2, 1),
(763, '2025-06-11', '12:00:04', 139, 2, 2),
(764, '2025-05-29', '15:00:20', 354, 3, 1),
(765, '2025-05-30', '11:00:19', 139, 2, 1),
(766, '2025-06-11', '18:45:40', 342, 4, 1),
(767, '2025-05-12', '15:30:55', 134, 2, 1),
(768, '2025-06-09', '14:30:44', 79, 2, 3),
(769, '2025-06-06', '10:30:49', 406, 2, 3),
(770, '2025-05-09', '16:45:40', 248, 1, 2),
(771, '2025-05-03', '13:15:48', 425, 2, 1),
(772, '2025-05-02', '16:00:22', 302, 4, 3),
(773, '2025-06-11', '15:45:45', 483, 2, 3),
(774, '2025-05-24', '15:00:56', 341, 4, 3),
(775, '2025-04-29', '18:15:53', 171, 3, 3),
(776, '2025-06-03', '16:45:08', 278, 3, 2),
(777, '2025-06-02', '18:30:25', 404, 1, 2),
(778, '2025-04-26', '15:30:59', 65, 2, 1),
(779, '2025-04-18', '15:00:50', 442, 3, 3),
(780, '2025-06-03', '12:15:55', 201, 2, 2),
(781, '2025-04-19', '18:15:22', 5, 1, 3),
(782, '2025-04-26', '13:30:28', 408, 4, 1),
(783, '2025-05-15', '19:30:56', 283, 2, 1),
(784, '2025-06-14', '12:15:15', 331, 1, 2),
(785, '2025-05-24', '19:00:50', 45, 2, 1),
(786, '2025-04-24', '17:15:53', 311, 4, 3),
(787, '2025-06-12', '16:45:00', 228, 2, 2),
(788, '2025-05-21', '19:30:27', 471, 1, 1),
(789, '2025-06-10', '15:00:01', 95, 4, 3),
(790, '2025-04-30', '10:00:36', 119, 1, 1),
(791, '2025-05-19', '18:15:08', 126, 2, 1),
(792, '2025-05-12', '11:15:24', 153, 1, 1),
(793, '2025-06-12', '11:15:29', 356, 4, 2),
(794, '2025-06-12', '16:30:25', 338, 3, 1),
(795, '2025-04-25', '11:45:27', 473, 4, 1),
(796, '2025-05-24', '18:30:00', 201, 2, 1),
(797, '2025-05-22', '17:15:12', 294, 2, 2),
(798, '2025-06-09', '17:15:54', 217, 4, 1),
(799, '2025-06-06', '13:45:07', 345, 2, 1),
(800, '2025-04-17', '14:00:27', 330, 3, 2);


-- detalle compra

-- DETALLE_COMPRA para 800 compras 
INSERT INTO Detalle_Compra (Id_Detalle, producto_Id_Producto, Cantidad, compra_Id_Compra) VALUES
(1, 4, 2, 1),
(2, 31, 1, 2),
(3, 12, 1, 3),
(4, 26, 1, 4),
(5, 16, 1, 5),
(6, 6, 2, 6),
(7, 9, 2, 7),
(8, 15, 2, 8),
(9, 7, 1, 9),
(10, 15, 2, 10),
(11, 10, 2, 11),
(12, 18, 1, 12),
(13, 31, 1, 13),
(14, 5, 2, 14),
(15, 1, 2, 15),
(16, 6, 2, 16),
(17, 4, 2, 17),
(18, 11, 1, 18),
(19, 20, 1, 19),
(20, 17, 2, 20),
(21, 29, 1, 21),
(22, 22, 2, 22),
(23, 15, 2, 23),
(24, 21, 1, 24),
(25, 12, 2, 25),
(26, 8, 2, 26),
(27, 7, 1, 27),
(28, 21, 1, 28),
(29, 17, 1, 29),
(30, 10, 2, 30),
(31, 31, 1, 31),
(32, 5, 2, 32),
(33, 26, 2, 33),
(34, 14, 1, 34),
(35, 1, 2, 35),
(36, 12, 2, 36),
(37, 15, 2, 37),
(38, 13, 2, 38),
(39, 24, 1, 39),
(40, 1, 1, 40),
(41, 1, 1, 41),
(42, 30, 2, 42),
(43, 3, 1, 43),
(44, 24, 1, 44),
(45, 26, 2, 45),
(46, 16, 1, 46),
(47, 17, 2, 47),
(48, 1, 2, 48),
(49, 8, 1, 49),
(50, 17, 1, 50),
(51, 9, 2, 51),
(52, 19, 2, 52),
(53, 6, 1, 53),
(54, 1, 2, 54),
(55, 1, 1, 55),
(56, 11, 2, 56),
(57, 1, 1, 57),
(58, 28, 2, 58),
(59, 5, 1, 59),
(60, 26, 2, 60),
(61, 25, 2, 61),
(62, 7, 1, 62),
(63, 29, 2, 63),
(64, 2, 2, 64),
(65, 1, 2, 65),
(66, 30, 2, 66),
(67, 2, 1, 67),
(68, 24, 1, 68),
(69, 2, 2, 69),
(70, 3, 1, 70),
(71, 2, 1, 71),
(72, 3, 2, 72),
(73, 3, 1, 73),
(74, 18, 2, 74),
(75, 27, 1, 75),
(76, 7, 2, 76),
(77, 31, 2, 77),
(78, 31, 2, 78),
(79, 25, 1, 79),
(80, 26, 2, 80),
(81, 8, 2, 81),
(82, 6, 2, 82),
(83, 19, 2, 83),
(84, 17, 2, 84),
(85, 12, 2, 85),
(86, 13, 2, 86),
(87, 6, 2, 87),
(88, 10, 1, 88),
(89, 1, 2, 89),
(90, 19, 1, 90),
(91, 3, 2, 91),
(92, 4, 1, 92),
(93, 17, 1, 93),
(94, 9, 2, 94),
(95, 2, 2, 95),
(96, 26, 1, 96),
(97, 8, 1, 97),
(98, 4, 1, 98),
(99, 18, 1, 99),
(100, 26, 1, 100),
(101, 23, 1, 101),
(102, 19, 2, 102),
(103, 26, 1, 103),
(104, 14, 1, 104),
(105, 7, 2, 105),
(106, 28, 1, 106),
(107, 3, 2, 107),
(108, 5, 1, 108),
(109, 6, 1, 109),
(110, 11, 1, 110),
(111, 14, 1, 111),
(112, 4, 1, 112),
(113, 2, 2, 113),
(114, 17, 1, 114),
(115, 32, 2, 115),
(116, 24, 2, 116),
(117, 23, 2, 117),
(118, 14, 1, 118),
(119, 5, 2, 119),
(120, 17, 1, 120),
(121, 18, 2, 121),
(122, 4, 1, 122),
(123, 6, 2, 123),
(124, 16, 2, 124),
(125, 25, 1, 125),
(126, 17, 2, 126),
(127, 8, 2, 127),
(128, 28, 2, 128),
(129, 17, 1, 129),
(130, 4, 1, 130),
(131, 3, 1, 131),
(132, 28, 1, 132),
(133, 31, 2, 133),
(134, 15, 2, 134),
(135, 3, 1, 135),
(136, 20, 2, 136),
(137, 11, 2, 137),
(138, 18, 1, 138),
(139, 28, 1, 139),
(140, 18, 1, 140),
(141, 6, 1, 141),
(142, 31, 1, 142),
(143, 3, 2, 143),
(144, 32, 1, 144),
(145, 4, 2, 145),
(146, 32, 2, 146),
(147, 3, 2, 147),
(148, 4, 1, 148),
(149, 14, 2, 149),
(150, 20, 1, 150),
(151, 3, 2, 151),
(152, 7, 2, 152),
(153, 30, 1, 153),
(154, 8, 1, 154),
(155, 7, 2, 155),
(156, 14, 1, 156),
(157, 9, 1, 157),
(158, 2, 1, 158),
(159, 8, 1, 159),
(160, 5, 1, 160),
(161, 10, 1, 161),
(162, 1, 2, 162),
(163, 9, 1, 163),
(164, 1, 2, 164),
(165, 11, 1, 165),
(166, 7, 1, 166),
(167, 19, 2, 167),
(168, 1, 2, 168),
(169, 12, 1, 169),
(170, 26, 1, 170),
(171, 26, 1, 171),
(172, 7, 2, 172),
(173, 5, 2, 173),
(174, 14, 2, 174),
(175, 4, 1, 175),
(176, 14, 2, 176),
(177, 6, 1, 177),
(178, 30, 1, 178),
(179, 2, 1, 179),
(180, 28, 2, 180),
(181, 9, 1, 181),
(182, 17, 2, 182),
(183, 23, 2, 183),
(184, 23, 1, 184),
(185, 17, 1, 185),
(186, 2, 1, 186),
(187, 5, 2, 187),
(188, 13, 1, 188),
(189, 8, 1, 189),
(190, 25, 2, 190),
(191, 28, 1, 191),
(192, 24, 2, 192),
(193, 26, 2, 193),
(194, 2, 1, 194),
(195, 14, 1, 195),
(196, 20, 1, 196),
(197, 32, 2, 197),
(198, 24, 1, 198),
(199, 25, 2, 199),
(200, 18, 1, 200),
(201, 6, 2, 201),
(202, 27, 2, 202),
(203, 26, 1, 203),
(204, 30, 2, 204),
(205, 26, 2, 205),
(206, 1, 1, 206),
(207, 13, 1, 207),
(208, 16, 2, 208),
(209, 4, 1, 209),
(210, 30, 2, 210),
(211, 28, 1, 211),
(212, 23, 2, 212),
(213, 7, 1, 213),
(214, 8, 2, 214),
(215, 16, 2, 215),
(216, 21, 1, 216),
(217, 15, 1, 217),
(218, 22, 2, 218),
(219, 3, 2, 219),
(220, 18, 1, 220),
(221, 8, 1, 221),
(222, 24, 2, 222),
(223, 21, 1, 223),
(224, 17, 1, 224),
(225, 2, 2, 225),
(226, 20, 2, 226),
(227, 26, 2, 227),
(228, 4, 2, 228),
(229, 18, 2, 229),
(230, 9, 2, 230),
(231, 4, 1, 231),
(232, 14, 2, 232),
(233, 11, 1, 233),
(234, 17, 1, 234),
(235, 2, 2, 235),
(236, 8, 2, 236),
(237, 6, 2, 237),
(238, 19, 2, 238),
(239, 13, 1, 239),
(240, 16, 1, 240),
(241, 2, 2, 241),
(242, 11, 2, 242),
(243, 4, 2, 243),
(244, 3, 1, 244),
(245, 20, 2, 245),
(246, 6, 1, 246),
(247, 30, 2, 247),
(248, 6, 1, 248),
(249, 24, 1, 249),
(250, 18, 2, 250),
(251, 23, 1, 251),
(252, 9, 2, 252),
(253, 14, 2, 253),
(254, 17, 2, 254),
(255, 7, 1, 255),
(256, 29, 1, 256),
(257, 3, 1, 257),
(258, 3, 1, 258),
(259, 6, 1, 259),
(260, 20, 1, 260),
(261, 1, 2, 261),
(262, 27, 1, 262),
(263, 28, 2, 263),
(264, 6, 1, 264),
(265, 12, 2, 265),
(266, 4, 1, 266),
(267, 5, 1, 267),
(268, 1, 2, 268),
(269, 24, 1, 269),
(270, 8, 1, 270),
(271, 10, 1, 271),
(272, 6, 1, 272),
(273, 28, 1, 273),
(274, 3, 1, 274),
(275, 18, 1, 275),
(276, 10, 2, 276),
(277, 2, 2, 277),
(278, 16, 2, 278),
(279, 19, 1, 279),
(280, 25, 2, 280),
(281, 4, 2, 281),
(282, 28, 1, 282),
(283, 29, 2, 283),
(284, 20, 2, 284),
(285, 31, 2, 285),
(286, 13, 2, 286),
(287, 17, 1, 287),
(288, 9, 2, 288),
(289, 3, 2, 289),
(290, 29, 2, 290),
(291, 17, 2, 291),
(292, 5, 2, 292),
(293, 19, 1, 293),
(294, 20, 2, 294),
(295, 30, 2, 295),
(296, 13, 2, 296),
(297, 18, 1, 297),
(298, 32, 2, 298),
(299, 29, 1, 299),
(300, 18, 1, 300),
(301, 31, 2, 301),
(302, 30, 2, 302),
(303, 27, 1, 303),
(304, 14, 2, 304),
(305, 4, 2, 305),
(306, 11, 2, 306),
(307, 9, 2, 307),
(308, 7, 1, 308),
(309, 4, 2, 309),
(310, 25, 2, 310),
(311, 10, 2, 311),
(312, 1, 2, 312),
(313, 8, 1, 313),
(314, 30, 2, 314),
(315, 25, 1, 315),
(316, 31, 2, 316),
(317, 19, 1, 317),
(318, 16, 2, 318),
(319, 11, 1, 319),
(320, 18, 1, 320),
(321, 20, 2, 321),
(322, 8, 2, 322),
(323, 5, 1, 323),
(324, 11, 2, 324),
(325, 12, 2, 325),
(326, 6, 1, 326),
(327, 7, 2, 327),
(328, 2, 2, 328),
(329, 7, 1, 329),
(330, 15, 1, 330),
(331, 24, 2, 331),
(332, 6, 2, 332),
(333, 3, 2, 333),
(334, 19, 2, 334),
(335, 32, 1, 335),
(336, 7, 1, 336),
(337, 1, 2, 337),
(338, 2, 2, 338),
(339, 14, 2, 339),
(340, 7, 2, 340),
(341, 5, 1, 341),
(342, 28, 1, 342),
(343, 19, 2, 343),
(344, 3, 1, 344),
(345, 14, 1, 345),
(346, 20, 1, 346),
(347, 20, 1, 347),
(348, 1, 1, 348),
(349, 24, 2, 349),
(350, 6, 1, 350),
(351, 27, 2, 351),
(352, 1, 1, 352),
(353, 5, 1, 353),
(354, 3, 1, 354),
(355, 31, 2, 355),
(356, 16, 1, 356),
(357, 20, 1, 357),
(358, 12, 2, 358),
(359, 8, 2, 359),
(360, 18, 1, 360),
(361, 13, 2, 361),
(362, 9, 1, 362),
(363, 32, 2, 363),
(364, 7, 1, 364),
(365, 10, 2, 365),
(366, 28, 1, 366),
(367, 10, 1, 367),
(368, 13, 2, 368),
(369, 17, 2, 369),
(370, 20, 1, 370),
(371, 18, 2, 371),
(372, 6, 1, 372),
(373, 21, 1, 373),
(374, 18, 1, 374),
(375, 3, 2, 375),
(376, 32, 2, 376),
(377, 17, 2, 377),
(378, 17, 1, 378),
(379, 23, 1, 379),
(380, 14, 1, 380),
(381, 25, 1, 381),
(382, 12, 1, 382),
(383, 14, 2, 383),
(384, 2, 1, 384),
(385, 21, 2, 385),
(386, 10, 1, 386),
(387, 2, 1, 387),
(388, 32, 2, 388),
(389, 25, 2, 389),
(390, 15, 1, 390),
(391, 15, 2, 391),
(392, 5, 1, 392),
(393, 15, 1, 393),
(394, 30, 2, 394),
(395, 10, 1, 395),
(396, 30, 2, 396),
(397, 11, 1, 397),
(398, 2, 1, 398),
(399, 15, 1, 399),
(400, 3, 2, 400),
(401, 7, 1, 401),
(402, 7, 2, 402),
(403, 2, 2, 403),
(404, 28, 1, 404),
(405, 20, 2, 405),
(406, 5, 2, 406),
(407, 25, 1, 407),
(408, 1, 2, 408),
(409, 21, 1, 409),
(410, 5, 1, 410),
(411, 4, 2, 411),
(412, 6, 1, 412),
(413, 20, 2, 413),
(414, 4, 2, 414),
(415, 30, 1, 415),
(416, 8, 1, 416),
(417, 20, 1, 417),
(418, 12, 2, 418),
(419, 19, 1, 419),
(420, 3, 1, 420),
(421, 7, 1, 421),
(422, 8, 2, 422),
(423, 1, 2, 423),
(424, 19, 2, 424),
(425, 21, 2, 425),
(426, 24, 1, 426),
(427, 24, 1, 427),
(428, 7, 2, 428),
(429, 18, 1, 429),
(430, 17, 2, 430),
(431, 1, 1, 431),
(432, 9, 1, 432),
(433, 29, 2, 433),
(434, 8, 2, 434),
(435, 25, 2, 435),
(436, 5, 1, 436),
(437, 5, 1, 437),
(438, 32, 2, 438),
(439, 26, 1, 439),
(440, 29, 1, 440),
(441, 18, 1, 441),
(442, 13, 1, 442),
(443, 21, 1, 443),
(444, 24, 1, 444),
(445, 10, 2, 445),
(446, 1, 2, 446),
(447, 4, 1, 447),
(448, 30, 1, 448),
(449, 15, 1, 449),
(450, 25, 1, 450),
(451, 7, 2, 451),
(452, 6, 1, 452),
(453, 5, 1, 453),
(454, 22, 1, 454),
(455, 11, 1, 455),
(456, 18, 2, 456),
(457, 4, 2, 457),
(458, 16, 2, 458),
(459, 7, 1, 459),
(460, 18, 1, 460),
(461, 15, 2, 461),
(462, 27, 1, 462),
(463, 21, 2, 463),
(464, 17, 1, 464),
(465, 20, 1, 465),
(466, 8, 2, 466),
(467, 20, 2, 467),
(468, 7, 1, 468),
(469, 7, 1, 469),
(470, 1, 2, 470),
(471, 9, 1, 471),
(472, 14, 2, 472),
(473, 14, 1, 473),
(474, 4, 2, 474),
(475, 28, 2, 475),
(476, 8, 1, 476),
(477, 23, 2, 477),
(478, 29, 2, 478),
(479, 22, 2, 479),
(480, 7, 1, 480),
(481, 30, 1, 481),
(482, 19, 1, 482),
(483, 24, 1, 483),
(484, 19, 2, 484),
(485, 23, 2, 485),
(486, 19, 1, 486),
(487, 11, 1, 487),
(488, 7, 2, 488),
(489, 12, 1, 489),
(490, 6, 1, 490),
(491, 8, 1, 491),
(492, 22, 1, 492),
(493, 2, 1, 493),
(494, 17, 1, 494),
(495, 8, 1, 495),
(496, 20, 2, 496),
(497, 8, 1, 497),
(498, 12, 2, 498),
(499, 5, 1, 499),
(500, 1, 1, 500),
(501, 7, 1, 501),
(502, 19, 1, 502),
(503, 7, 1, 503),
(504, 13, 1, 504),
(505, 2, 2, 505),
(506, 9, 1, 506),
(507, 28, 2, 507),
(508, 5, 2, 508),
(509, 2, 1, 509),
(510, 11, 1, 510),
(511, 30, 2, 511),
(512, 8, 2, 512),
(513, 23, 1, 513),
(514, 24, 2, 514),
(515, 29, 2, 515),
(516, 15, 2, 516),
(517, 8, 1, 517),
(518, 6, 1, 518),
(519, 18, 1, 519),
(520, 3, 2, 520),
(521, 5, 1, 521),
(522, 25, 1, 522),
(523, 23, 1, 523),
(524, 16, 1, 524),
(525, 19, 2, 525),
(526, 4, 2, 526),
(527, 6, 1, 527),
(528, 4, 2, 528),
(529, 1, 2, 529),
(530, 3, 1, 530),
(531, 21, 1, 531),
(532, 26, 2, 532),
(533, 29, 2, 533),
(534, 19, 2, 534),
(535, 19, 2, 535),
(536, 24, 2, 536),
(537, 3, 2, 537),
(538, 17, 2, 538),
(539, 10, 1, 539),
(540, 23, 1, 540),
(541, 23, 2, 541),
(542, 28, 1, 542),
(543, 7, 2, 543),
(544, 22, 1, 544),
(545, 29, 2, 545),
(546, 3, 2, 546),
(547, 7, 2, 547),
(548, 12, 1, 548),
(549, 2, 2, 549),
(550, 9, 2, 550),
(551, 12, 1, 551),
(552, 4, 2, 552),
(553, 19, 2, 553),
(554, 3, 2, 554),
(555, 5, 1, 555),
(556, 12, 2, 556),
(557, 17, 1, 557),
(558, 6, 1, 558),
(559, 4, 2, 559),
(560, 32, 2, 560),
(561, 1, 2, 561),
(562, 19, 2, 562),
(563, 9, 1, 563),
(564, 28, 2, 564),
(565, 3, 1, 565),
(566, 1, 2, 566),
(567, 7, 1, 567),
(568, 23, 2, 568),
(569, 5, 2, 569),
(570, 7, 1, 570),
(571, 20, 1, 571),
(572, 18, 1, 572),
(573, 7, 2, 573),
(574, 11, 2, 574),
(575, 3, 2, 575),
(576, 18, 2, 576),
(577, 4, 2, 577),
(578, 10, 2, 578),
(579, 9, 2, 579),
(580, 22, 2, 580),
(581, 3, 1, 581),
(582, 9, 1, 582),
(583, 1, 1, 583),
(584, 20, 1, 584),
(585, 27, 1, 585),
(586, 12, 1, 586),
(587, 3, 2, 587),
(588, 16, 1, 588),
(589, 3, 1, 589),
(590, 31, 1, 590),
(591, 26, 1, 591),
(592, 10, 2, 592),
(593, 23, 1, 593),
(594, 20, 1, 594),
(595, 6, 2, 595),
(596, 7, 2, 596),
(597, 3, 1, 597),
(598, 3, 2, 598),
(599, 6, 1, 599),
(600, 30, 1, 600),
(601, 20, 2, 601),
(602, 8, 1, 602),
(603, 3, 1, 603),
(604, 11, 1, 604),
(605, 22, 2, 605),
(606, 30, 1, 606),
(607, 26, 2, 607),
(608, 22, 2, 608),
(609, 16, 2, 609),
(610, 17, 2, 610),
(611, 26, 1, 611),
(612, 17, 1, 612),
(613, 2, 1, 613),
(614, 27, 1, 614),
(615, 7, 2, 615),
(616, 12, 2, 616),
(617, 19, 2, 617),
(618, 18, 1, 618),
(619, 13, 1, 619),
(620, 2, 2, 620),
(621, 2, 2, 621),
(622, 4, 2, 622),
(623, 13, 1, 623),
(624, 5, 2, 624),
(625, 2, 1, 625),
(626, 6, 2, 626),
(627, 19, 2, 627),
(628, 22, 1, 628),
(629, 14, 1, 629),
(630, 14, 2, 630),
(631, 24, 2, 631),
(632, 4, 2, 632),
(633, 14, 1, 633),
(634, 4, 1, 634),
(635, 10, 1, 635),
(636, 11, 1, 636),
(637, 7, 1, 637),
(638, 3, 1, 638),
(639, 28, 1, 639),
(640, 15, 2, 640),
(641, 17, 1, 641),
(642, 6, 1, 642),
(643, 10, 1, 643),
(644, 1, 2, 644),
(645, 8, 1, 645),
(646, 2, 2, 646),
(647, 25, 2, 647),
(648, 19, 1, 648),
(649, 6, 2, 649),
(650, 24, 1, 650),
(651, 8, 2, 651),
(652, 5, 2, 652),
(653, 18, 2, 653),
(654, 9, 2, 654),
(655, 29, 1, 655),
(656, 20, 2, 656),
(657, 7, 1, 657),
(658, 4, 2, 658),
(659, 20, 1, 659),
(660, 24, 1, 660),
(661, 3, 2, 661),
(662, 20, 1, 662),
(663, 21, 2, 663),
(664, 1, 1, 664),
(665, 18, 1, 665),
(666, 27, 2, 666),
(667, 28, 2, 667),
(668, 7, 1, 668),
(669, 8, 1, 669),
(670, 12, 1, 670),
(671, 8, 2, 671),
(672, 6, 2, 672),
(673, 18, 2, 673),
(674, 5, 1, 674),
(675, 14, 2, 675),
(676, 17, 1, 676),
(677, 5, 2, 677),
(678, 10, 1, 678),
(679, 7, 1, 679),
(680, 2, 2, 680),
(681, 23, 2, 681),
(682, 9, 2, 682),
(683, 26, 1, 683),
(684, 30, 2, 684),
(685, 31, 2, 685),
(686, 19, 2, 686),
(687, 2, 2, 687),
(688, 5, 1, 688),
(689, 6, 2, 689),
(690, 26, 1, 690),
(691, 19, 1, 691),
(692, 14, 2, 692),
(693, 30, 1, 693),
(694, 1, 1, 694),
(695, 4, 2, 695),
(696, 1, 2, 696),
(697, 22, 1, 697),
(698, 26, 1, 698),
(699, 8, 2, 699),
(700, 31, 1, 700),
(701, 18, 1, 701),
(702, 8, 2, 702),
(703, 1, 1, 703),
(704, 29, 1, 704),
(705, 19, 1, 705),
(706, 25, 1, 706),
(707, 8, 2, 707),
(708, 8, 1, 708),
(709, 7, 2, 709),
(710, 17, 2, 710),
(711, 2, 1, 711),
(712, 12, 1, 712),
(713, 30, 2, 713),
(714, 18, 2, 714),
(715, 6, 2, 715),
(716, 13, 2, 716),
(717, 4, 1, 717),
(718, 5, 2, 718),
(719, 8, 2, 719),
(720, 1, 2, 720),
(721, 21, 2, 721),
(722, 17, 1, 722),
(723, 8, 2, 723),
(724, 31, 1, 724),
(725, 20, 2, 725),
(726, 20, 1, 726),
(727, 25, 2, 727),
(728, 6, 2, 728),
(729, 28, 2, 729),
(730, 1, 1, 730),
(731, 1, 2, 731),
(732, 5, 2, 732),
(733, 20, 1, 733),
(734, 19, 2, 734),
(735, 4, 1, 735),
(736, 30, 1, 736),
(737, 10, 1, 737),
(738, 32, 1, 738),
(739, 4, 1, 739),
(740, 17, 2, 740),
(741, 17, 2, 741),
(742, 8, 1, 742),
(743, 5, 1, 743),
(744, 7, 2, 744),
(745, 9, 2, 745),
(746, 16, 2, 746),
(747, 23, 1, 747),
(748, 6, 2, 748),
(749, 6, 1, 749),
(750, 11, 2, 750),
(751, 4, 2, 751),
(752, 4, 1, 752),
(753, 27, 1, 753),
(754, 24, 1, 754),
(755, 26, 1, 755),
(756, 20, 1, 756),
(757, 20, 1, 757),
(758, 18, 1, 758),
(759, 9, 2, 759),
(760, 7, 1, 760),
(761, 19, 2, 761),
(762, 1, 1, 762),
(763, 19, 1, 763),
(764, 7, 2, 764),
(765, 3, 2, 765),
(766, 20, 1, 766),
(767, 10, 2, 767),
(768, 16, 2, 768),
(769, 5, 2, 769),
(770, 19, 2, 770),
(771, 7, 2, 771),
(772, 8, 1, 772),
(773, 10, 1, 773),
(774, 13, 2, 774),
(775, 20, 1, 775),
(776, 22, 2, 776),
(777, 3, 2, 777),
(778, 3, 2, 778),
(779, 5, 2, 779),
(780, 24, 2, 780),
(781, 26, 1, 781),
(782, 8, 2, 782),
(783, 24, 2, 783),
(784, 17, 2, 784),
(785, 3, 2, 785),
(786, 23, 1, 786),
(787, 25, 2, 787),
(788, 19, 1, 788),
(789, 18, 2, 789),
(790, 8, 1, 790),
(791, 1, 1, 791),
(792, 22, 2, 792),
(793, 20, 1, 793),
(794, 13, 2, 794),
(795, 4, 2, 795),
(796, 17, 2, 796),
(797, 32, 2, 797),
(798, 9, 2, 798),
(799, 16, 2, 799),
(800, 22, 2, 800);


-- POBLADO TABLA Preferencia_cliente

INSERT INTO Preferencia_Cliente (Id_Cliente, Id_Producto_Favorito, Frecuencia_Compra, Comentario, Valoracion)
VALUES
(1, 1, 'Una vez', 'Una decepción.', 1),
(2, 26, 'Ocasional', 'Mala atención y sabor.', 2),
(3, 7, 'Ocasional', 'No me gustó para nada.', 1),
(4, 20, 'Ocasional', 'Una decepción.', 1),
(5, 20, 'Una vez', 'Una decepción.', 2),
(6, 18, 'Ocasional', 'Mala atención y sabor.', 2),
(7, 8, 'Una vez', 'Una decepción.', 2),
(8, 15, 'Ocasional', 'Demasiado caro para lo que ofrecen.', 1),
(9, 18, 'Ocasional', 'Demasiado caro para lo que ofrecen.', 1),
(10, 27, 'Una vez', 'Una decepción.', 1),
(11, 15, 'Ocasional', 'Mala atención y sabor.', 1),
(12, 14, 'Ocasional', 'Mala atención y sabor.', 2),
(13, 16, 'Ocasional', 'Mala atención y sabor.', 2),
(14, 5, 'Una vez', 'Demasiado caro para lo que ofrecen.', 2),
(15, 8, 'Ocasional', 'No volvería.', 1),
(16, 15, 'Una vez', 'No me gustó para nada.', 2),
(17, 13, 'Una vez', 'No volvería.', 2),
(18, 14, 'Ocasional', 'Demasiado caro para lo que ofrecen.', 1),
(19, 3, 'Ocasional', 'No volvería.', 1),
(20, 12, 'Una vez', 'Demasiado caro para lo que ofrecen.', 2),
(21, 14, 'Ocasional', 'Mala atención y sabor.', 2),
(22, 26, 'Ocasional', 'No volvería.', 2),
(23, 12, 'Una vez', 'No volvería.', 1),
(24, 15, 'Ocasional', 'Mala atención y sabor.', 1),
(25, 8, 'Ocasional', 'No volvería.', 2),
(26, 12, 'Una vez', 'Demasiado caro para lo que ofrecen.', 2),
(27, 11, 'Ocasional', 'Demasiado caro para lo que ofrecen.', 2),
(28, 20, 'Una vez', 'Mala atención y sabor.', 1),
(29, 31, 'Una vez', 'Demasiado caro para lo que ofrecen.', 1),
(30, 22, 'Ocasional', 'Demasiado caro para lo que ofrecen.', 1),
(31, 31, 'Una vez', 'Una decepción.', 1),
(32, 20, 'Ocasional', 'Mala atención y sabor.', 1),
(33, 5, 'Ocasional', 'Demasiado caro para lo que ofrecen.', 2),
(34, 19, 'Una vez', 'Una decepción.', 1),
(35, 8, 'Ocasional', 'Mala atención y sabor.', 2),
(36, 18, 'Ocasional', 'Demasiado caro para lo que ofrecen.', 1),
(37, 3, 'Una vez', 'Una decepción.', 2),
(38, 18, 'Ocasional', 'No me gustó para nada.', 1),
(39, 1, 'Ocasional', 'Demasiado caro para lo que ofrecen.', 1),
(40, 24, 'Una vez', 'No me gustó para nada.', 1),
(41, 10, 'Una vez', 'Mala atención y sabor.', 2),
(42, 2, 'Una vez', 'Una decepción.', 1),
(43, 4, 'Ocasional', 'Una decepción.', 1),
(44, 25, 'Ocasional', 'No me gustó para nada.', 1),
(45, 11, 'Una vez', 'Mala atención y sabor.', 2),
(46, 4, 'Una vez', 'No me gustó para nada.', 2),
(47, 14, 'Una vez', 'Mala atención y sabor.', 2),
(48, 1, 'Ocasional', 'Una decepción.', 2),
(49, 31, 'Una vez', 'Demasiado caro para lo que ofrecen.', 2),
(50, 5, 'Ocasional', 'Demasiado caro para lo que ofrecen.', 2),
(51, 2, 'Ocasional', 'Una decepción.', 2),
(52, 18, 'Ocasional', 'No me gustó para nada.', 1),
(53, 16, 'Una vez', 'No me gustó para nada.', 1),
(54, 5, 'Ocasional', 'Mala atención y sabor.', 2),
(55, 29, 'Ocasional', 'No me gustó para nada.', 2),
(56, 5, 'Ocasional', 'Una decepción.', 1),
(57, 19, 'Una vez', 'No volvería.', 1),
(58, 2, 'Ocasional', 'No me gustó para nada.', 2),
(59, 12, 'Ocasional', 'Demasiado caro para lo que ofrecen.', 2),
(60, 1, 'Una vez', 'No me gustó para nada.', 2),
(61, 22, 'Ocasional', 'Demasiado caro para lo que ofrecen.', 2),
(62, 16, 'Ocasional', 'No volvería.', 2),
(63, 16, 'Ocasional', 'Demasiado caro para lo que ofrecen.', 1),
(64, 16, 'Una vez', 'No me gustó para nada.', 2),
(65, 8, 'Una vez', 'No me gustó para nada.', 2),
(66, 17, 'Ocasional', 'Una decepción.', 2),
(67, 15, 'Ocasional', 'No me gustó para nada.', 1),
(68, 1, 'Una vez', 'No me gustó para nada.', 2),
(69, 17, 'Una vez', 'Demasiado caro para lo que ofrecen.', 2),
(70, 21, 'Una vez', 'Una decepción.', 1),
(71, 30, 'Una vez', 'Demasiado caro para lo que ofrecen.', 1),
(72, 1, 'Ocasional', 'Demasiado caro para lo que ofrecen.', 1),
(73, 17, 'Una vez', 'Demasiado caro para lo que ofrecen.', 2),
(74, 9, 'Ocasional', 'Mala atención y sabor.', 1),
(75, 13, 'Una vez', 'No me gustó para nada.', 2),
(76, 13, 'Ocasional', 'Demasiado caro para lo que ofrecen.', 2),
(77, 6, 'Ocasional', 'No volvería.', 2),
(78, 17, 'Ocasional', 'No volvería.', 2),
(79, 20, 'Una vez', 'Demasiado caro para lo que ofrecen.', 1),
(80, 6, 'Una vez', 'Una decepción.', 1),
(81, 13, 'Ocasional', 'Demasiado caro para lo que ofrecen.', 1),
(82, 14, 'Una vez', 'No me gustó para nada.', 1),
(83, 11, 'Una vez', 'Demasiado caro para lo que ofrecen.', 1),
(84, 17, 'Ocasional', 'No volvería.', 1),
(85, 2, 'Ocasional', 'No me gustó para nada.', 2),
(86, 26, 'Una vez', 'No volvería.', 1),
(87, 22, 'Una vez', 'Demasiado caro para lo que ofrecen.', 2),
(88, 13, 'Ocasional', 'Mala atención y sabor.', 2),
(89, 12, 'Ocasional', 'Mala atención y sabor.', 1),
(90, 19, 'Ocasional', 'No volvería.', 1),
(91, 24, 'Una vez', 'Demasiado caro para lo que ofrecen.', 2),
(92, 7, 'Ocasional', 'Una decepción.', 2),
(93, 1, 'Ocasional', 'Una decepción.', 1),
(94, 20, 'Ocasional', 'Mala atención y sabor.', 2),
(95, 19, 'Ocasional', 'No me gustó para nada.', 1),
(96, 12, 'Ocasional', 'No me gustó para nada.', 1),
(97, 6, 'Una vez', 'Mala atención y sabor.', 1),
(98, 14, 'Ocasional', 'Demasiado caro para lo que ofrecen.', 2),
(99, 12, 'Una vez', 'No me gustó para nada.', 2),
(100, 20, 'Una vez', 'Mala atención y sabor.', 1),
(101, 8, 'Quincenal', 'Nada mal, podría mejorar.', 3),
(102, 16, 'Quincenal', 'Regular, pero aceptable.', 5),
(103, 3, 'Mensual', 'Regular, pero aceptable.', 5),
(104, 1, 'Mensual', 'Buena experiencia en general.', 5),
(105, 20, 'Mensual', 'Nada mal, podría mejorar.', 3),
(106, 22, 'Mensual', 'Lo esperado.', 5),
(107, 8, 'Mensual', 'Regular, pero aceptable.', 5),
(108, 6, 'Mensual', 'Volvería si no hay mejores opciones.', 4),
(109, 14, 'Mensual', 'Nada mal, podría mejorar.', 5),
(110, 28, 'Quincenal', 'Regular, pero aceptable.', 5),
(111, 22, 'Mensual', 'Buena experiencia en general.', 4),
(112, 12, 'Mensual', 'Buena experiencia en general.', 3),
(113, 13, 'Quincenal', 'Volvería si no hay mejores opciones.', 3),
(114, 23, 'Quincenal', 'Buena experiencia en general.', 4),
(115, 14, 'Quincenal', 'Lo esperado.', 3),
(116, 21, 'Quincenal', 'Nada mal, podría mejorar.', 5),
(117, 19, 'Quincenal', 'Nada mal, podría mejorar.', 4),
(118, 8, 'Mensual', 'Nada mal, podría mejorar.', 4),
(119, 20, 'Quincenal', 'Lo esperado.', 4),
(120, 19, 'Quincenal', 'Lo esperado.', 3),
(121, 9, 'Mensual', 'Lo esperado.', 3),
(122, 22, 'Mensual', 'Lo esperado.', 4),
(123, 1, 'Mensual', 'Volvería si no hay mejores opciones.', 3),
(124, 12, 'Mensual', 'Nada mal, podría mejorar.', 4),
(125, 26, 'Mensual', 'Buena experiencia en general.', 4),
(126, 3, 'Mensual', 'Regular, pero aceptable.', 5),
(127, 22, 'Quincenal', 'Buena experiencia en general.', 5),
(128, 9, 'Quincenal', 'Nada mal, podría mejorar.', 3),
(129, 3, 'Quincenal', 'Lo esperado.', 4),
(130, 15, 'Mensual', 'Buena experiencia en general.', 3),
(131, 3, 'Quincenal', 'Nada mal, podría mejorar.', 4),
(132, 15, 'Quincenal', 'Buena experiencia en general.', 5),
(133, 21, 'Mensual', 'Volvería si no hay mejores opciones.', 3),
(134, 17, 'Quincenal', 'Volvería si no hay mejores opciones.', 4),
(135, 7, 'Quincenal', 'Buena experiencia en general.', 4),
(136, 7, 'Mensual', 'Volvería si no hay mejores opciones.', 3),
(137, 19, 'Mensual', 'Buena experiencia en general.', 4),
(138, 10, 'Quincenal', 'Buena experiencia en general.', 4),
(139, 3, 'Quincenal', 'Lo esperado.', 3),
(140, 17, 'Quincenal', 'Buena experiencia en general.', 3),
(141, 4, 'Mensual', 'Regular, pero aceptable.', 3),
(142, 9, 'Mensual', 'Volvería si no hay mejores opciones.', 4),
(143, 19, 'Mensual', 'Nada mal, podría mejorar.', 4),
(144, 5, 'Mensual', 'Nada mal, podría mejorar.', 5),
(145, 4, 'Quincenal', 'Lo esperado.', 5),
(146, 15, 'Quincenal', 'Buena experiencia en general.', 5),
(147, 31, 'Mensual', 'Buena experiencia en general.', 3),
(148, 29, 'Quincenal', 'Volvería si no hay mejores opciones.', 5),
(149, 15, 'Quincenal', 'Volvería si no hay mejores opciones.', 5),
(150, 24, 'Quincenal', 'Regular, pero aceptable.', 3),
(151, 5, 'Quincenal', 'Volvería si no hay mejores opciones.', 4),
(152, 29, 'Mensual', 'Volvería si no hay mejores opciones.', 3),
(153, 4, 'Mensual', 'Regular, pero aceptable.', 5),
(154, 11, 'Quincenal', 'Regular, pero aceptable.', 3),
(155, 6, 'Mensual', 'Regular, pero aceptable.', 3),
(156, 4, 'Mensual', 'Lo esperado.', 3),
(157, 5, 'Quincenal', 'Buena experiencia en general.', 5),
(158, 6, 'Quincenal', 'Nada mal, podría mejorar.', 5),
(159, 15, 'Mensual', 'Nada mal, podría mejorar.', 5),
(160, 13, 'Quincenal', 'Buena experiencia en general.', 5),
(161, 7, 'Mensual', 'Lo esperado.', 4),
(162, 5, 'Mensual', 'Volvería si no hay mejores opciones.', 3),
(163, 9, 'Mensual', 'Regular, pero aceptable.', 5),
(164, 5, 'Quincenal', 'Buena experiencia en general.', 3),
(165, 6, 'Mensual', 'Nada mal, podría mejorar.', 3),
(166, 13, 'Mensual', 'Volvería si no hay mejores opciones.', 5),
(167, 6, 'Mensual', 'Lo esperado.', 4),
(168, 18, 'Quincenal', 'Regular, pero aceptable.', 4),
(169, 11, 'Mensual', 'Regular, pero aceptable.', 4),
(170, 5, 'Quincenal', 'Lo esperado.', 5),
(171, 17, 'Quincenal', 'Regular, pero aceptable.', 5),
(172, 2, 'Mensual', 'Nada mal, podría mejorar.', 3),
(173, 2, 'Mensual', 'Volvería si no hay mejores opciones.', 3),
(174, 17, 'Mensual', 'Buena experiencia en general.', 4),
(175, 17, 'Mensual', 'Nada mal, podría mejorar.', 3),
(176, 7, 'Mensual', 'Volvería si no hay mejores opciones.', 5),
(177, 11, 'Quincenal', 'Lo esperado.', 5),
(178, 22, 'Mensual', 'Lo esperado.', 4),
(179, 25, 'Quincenal', 'Buena experiencia en general.', 4),
(180, 29, 'Mensual', 'Volvería si no hay mejores opciones.', 4),
(181, 21, 'Mensual', 'Nada mal, podría mejorar.', 4),
(182, 19, 'Quincenal', 'Buena experiencia en general.', 3),
(183, 22, 'Mensual', 'Lo esperado.', 4),
(184, 22, 'Quincenal', 'Regular, pero aceptable.', 4),
(185, 20, 'Quincenal', 'Volvería si no hay mejores opciones.', 3),
(186, 6, 'Quincenal', 'Nada mal, podría mejorar.', 3),
(187, 4, 'Quincenal', 'Nada mal, podría mejorar.', 3),
(188, 14, 'Quincenal', 'Lo esperado.', 5),
(189, 22, 'Mensual', 'Lo esperado.', 3),
(190, 23, 'Quincenal', 'Buena experiencia en general.', 4),
(191, 14, 'Mensual', 'Lo esperado.', 3),
(192, 2, 'Quincenal', 'Regular, pero aceptable.', 3),
(193, 5, 'Quincenal', 'Regular, pero aceptable.', 3),
(194, 7, 'Quincenal', 'Volvería si no hay mejores opciones.', 4),
(195, 21, 'Mensual', 'Buena experiencia en general.', 5),
(196, 16, 'Mensual', 'Volvería si no hay mejores opciones.', 3),
(197, 9, 'Quincenal', 'Regular, pero aceptable.', 4),
(198, 21, 'Mensual', 'Lo esperado.', 5),
(199, 12, 'Quincenal', 'Buena experiencia en general.', 5),
(200, 17, 'Quincenal', 'Regular, pero aceptable.', 5),
(201, 6, 'Mensual', 'Lo esperado.', 3),
(202, 22, 'Quincenal', 'Lo esperado.', 3),
(203, 17, 'Mensual', 'Regular, pero aceptable.', 4),
(204, 10, 'Mensual', 'Volvería si no hay mejores opciones.', 5),
(205, 6, 'Quincenal', 'Lo esperado.', 4),
(206, 15, 'Mensual', 'Volvería si no hay mejores opciones.', 5),
(207, 20, 'Quincenal', 'Nada mal, podría mejorar.', 5),
(208, 11, 'Quincenal', 'Regular, pero aceptable.', 4),
(209, 12, 'Mensual', 'Nada mal, podría mejorar.', 3),
(210, 3, 'Mensual', 'Buena experiencia en general.', 4),
(211, 21, 'Quincenal', 'Nada mal, podría mejorar.', 4),
(212, 30, 'Quincenal', 'Buena experiencia en general.', 4),
(213, 19, 'Quincenal', 'Nada mal, podría mejorar.', 3),
(214, 7, 'Quincenal', 'Nada mal, podría mejorar.', 5),
(215, 15, 'Quincenal', 'Regular, pero aceptable.', 3),
(216, 11, 'Quincenal', 'Volvería si no hay mejores opciones.', 3),
(217, 20, 'Mensual', 'Lo esperado.', 4),
(218, 20, 'Mensual', 'Buena experiencia en general.', 5),
(219, 19, 'Quincenal', 'Lo esperado.', 3),
(220, 4, 'Mensual', 'Nada mal, podría mejorar.', 3),
(221, 18, 'Mensual', 'Volvería si no hay mejores opciones.', 5),
(222, 3, 'Mensual', 'Regular, pero aceptable.', 5),
(223, 3, 'Mensual', 'Volvería si no hay mejores opciones.', 4),
(224, 13, 'Quincenal', 'Regular, pero aceptable.', 4),
(225, 10, 'Mensual', 'Nada mal, podría mejorar.', 3),
(226, 6, 'Mensual', 'Regular, pero aceptable.', 5),
(227, 6, 'Quincenal', 'Buena experiencia en general.', 4),
(228, 10, 'Mensual', 'Volvería si no hay mejores opciones.', 4),
(229, 9, 'Quincenal', 'Volvería si no hay mejores opciones.', 3),
(230, 17, 'Mensual', 'Lo esperado.', 3),
(231, 17, 'Quincenal', 'Regular, pero aceptable.', 5),
(232, 14, 'Quincenal', 'Lo esperado.', 4),
(233, 5, 'Quincenal', 'Lo esperado.', 3),
(234, 11, 'Quincenal', 'Regular, pero aceptable.', 3),
(235, 28, 'Mensual', 'Regular, pero aceptable.', 5),
(236, 10, 'Mensual', 'Volvería si no hay mejores opciones.', 5),
(237, 24, 'Mensual', 'Lo esperado.', 3),
(238, 11, 'Mensual', 'Buena experiencia en general.', 5),
(239, 13, 'Quincenal', 'Regular, pero aceptable.', 5),
(240, 21, 'Mensual', 'Nada mal, podría mejorar.', 3),
(241, 6, 'Mensual', 'Regular, pero aceptable.', 3),
(242, 13, 'Mensual', 'Nada mal, podría mejorar.', 5),
(243, 17, 'Mensual', 'Lo esperado.', 3),
(244, 5, 'Quincenal', 'Nada mal, podría mejorar.', 4),
(245, 9, 'Quincenal', 'Nada mal, podría mejorar.', 3),
(246, 11, 'Quincenal', 'Volvería si no hay mejores opciones.', 3),
(247, 8, 'Quincenal', 'Buena experiencia en general.', 4),
(248, 6, 'Mensual', 'Regular, pero aceptable.', 3),
(249, 19, 'Quincenal', 'Regular, pero aceptable.', 5),
(250, 16, 'Mensual', 'Lo esperado.', 3),
(251, 3, 'Diaria', 'Me encantó, volveré pronto.', 6),
(252, 10, 'Semanal', 'Muy satisfecho.', 6),
(253, 20, 'Diaria', 'Me encantó, volveré pronto.', 7),
(254, 20, 'Semanal', 'Muy satisfecho.', 7),
(255, 14, 'Diaria', 'Excelente calidad y servicio.', 7),
(256, 24, 'Diaria', 'Todo estuvo perfecto.', 6),
(257, 20, 'Diaria', 'Excelente calidad y servicio.', 7),
(258, 5, 'Semanal', 'Todo estuvo perfecto.', 6),
(259, 12, 'Semanal', 'Me encantó, volveré pronto.', 6),
(260, 3, 'Diaria', 'Excelente calidad y servicio.', 7),
(261, 22, 'Semanal', 'Uno de mis favoritos.', 7),
(262, 29, 'Diaria', 'Excelente calidad y servicio.', 7),
(263, 14, 'Semanal', 'Muy satisfecho.', 6),
(264, 7, 'Semanal', 'Me encantó, volveré pronto.', 6),
(265, 8, 'Diaria', 'Muy satisfecho.', 6),
(266, 15, 'Semanal', 'Uno de mis favoritos.', 6),
(267, 20, 'Diaria', 'Me encantó, volveré pronto.', 7),
(268, 20, 'Diaria', 'Uno de mis favoritos.', 7),
(269, 19, 'Semanal', 'Uno de mis favoritos.', 7),
(270, 20, 'Diaria', 'Uno de mis favoritos.', 6),
(271, 12, 'Semanal', 'Todo estuvo perfecto.', 6),
(272, 11, 'Semanal', 'Excelente calidad y servicio.', 6),
(273, 17, 'Diaria', 'Me encantó, volveré pronto.', 6),
(274, 1, 'Semanal', 'Muy satisfecho.', 6),
(275, 15, 'Semanal', 'Excelente calidad y servicio.', 6),
(276, 9, 'Semanal', 'Muy satisfecho.', 7),
(277, 16, 'Diaria', 'Me encantó, volveré pronto.', 6),
(278, 6, 'Semanal', 'Uno de mis favoritos.', 6),
(279, 16, 'Diaria', 'Uno de mis favoritos.', 6),
(280, 4, 'Diaria', 'Excelente calidad y servicio.', 7),
(281, 13, 'Diaria', 'Excelente calidad y servicio.', 6),
(282, 21, 'Semanal', 'Excelente calidad y servicio.', 6),
(283, 11, 'Diaria', 'Excelente calidad y servicio.', 6),
(284, 9, 'Diaria', 'Excelente calidad y servicio.', 6),
(285, 18, 'Diaria', 'Todo estuvo perfecto.', 6),
(286, 4, 'Diaria', 'Uno de mis favoritos.', 7),
(287, 8, 'Diaria', 'Excelente calidad y servicio.', 7),
(288, 13, 'Diaria', 'Muy satisfecho.', 6),
(289, 11, 'Diaria', 'Me encantó, volveré pronto.', 7),
(290, 25, 'Diaria', 'Me encantó, volveré pronto.', 7),
(291, 1, 'Diaria', 'Uno de mis favoritos.', 7),
(292, 28, 'Semanal', 'Uno de mis favoritos.', 7),
(293, 19, 'Semanal', 'Uno de mis favoritos.', 7),
(294, 12, 'Diaria', 'Todo estuvo perfecto.', 6),
(295, 5, 'Diaria', 'Uno de mis favoritos.', 6),
(296, 16, 'Diaria', 'Excelente calidad y servicio.', 6),
(297, 21, 'Semanal', 'Uno de mis favoritos.', 6),
(298, 1, 'Diaria', 'Excelente calidad y servicio.', 6),
(299, 19, 'Semanal', 'Todo estuvo perfecto.', 6),
(300, 3, 'Semanal', 'Todo estuvo perfecto.', 6),
(301, 24, 'Semanal', 'Uno de mis favoritos.', 6),
(302, 15, 'Diaria', 'Excelente calidad y servicio.', 6),
(303, 21, 'Semanal', 'Todo estuvo perfecto.', 7),
(304, 22, 'Diaria', 'Me encantó, volveré pronto.', 6),
(305, 3, 'Diaria', 'Muy satisfecho.', 6),
(306, 1, 'Diaria', 'Me encantó, volveré pronto.', 7),
(307, 12, 'Diaria', 'Uno de mis favoritos.', 6),
(308, 2, 'Diaria', 'Muy satisfecho.', 7),
(309, 12, 'Semanal', 'Me encantó, volveré pronto.', 6),
(310, 4, 'Diaria', 'Me encantó, volveré pronto.', 6),
(311, 12, 'Diaria', 'Muy satisfecho.', 7),
(312, 7, 'Diaria', 'Todo estuvo perfecto.', 7),
(313, 14, 'Semanal', 'Me encantó, volveré pronto.', 6),
(314, 11, 'Semanal', 'Uno de mis favoritos.', 7),
(315, 3, 'Semanal', 'Todo estuvo perfecto.', 7),
(316, 16, 'Diaria', 'Muy satisfecho.', 6),
(317, 1, 'Semanal', 'Uno de mis favoritos.', 6),
(318, 6, 'Semanal', 'Muy satisfecho.', 7),
(319, 8, 'Semanal', 'Excelente calidad y servicio.', 6),
(320, 6, 'Diaria', 'Uno de mis favoritos.', 6),
(321, 4, 'Diaria', 'Excelente calidad y servicio.', 6),
(322, 5, 'Semanal', 'Muy satisfecho.', 6),
(323, 8, 'Diaria', 'Uno de mis favoritos.', 7),
(324, 14, 'Semanal', 'Me encantó, volveré pronto.', 7),
(325, 2, 'Semanal', 'Muy satisfecho.', 6),
(326, 10, 'Semanal', 'Me encantó, volveré pronto.', 7),
(327, 9, 'Semanal', 'Muy satisfecho.', 7),
(328, 2, 'Diaria', 'Uno de mis favoritos.', 7),
(329, 22, 'Diaria', 'Uno de mis favoritos.', 6),
(330, 14, 'Diaria', 'Todo estuvo perfecto.', 7),
(331, 9, 'Semanal', 'Uno de mis favoritos.', 6),
(332, 12, 'Diaria', 'Muy satisfecho.', 6),
(333, 3, 'Semanal', 'Excelente calidad y servicio.', 6),
(334, 14, 'Semanal', 'Todo estuvo perfecto.', 6),
(335, 12, 'Semanal', 'Muy satisfecho.', 6),
(336, 9, 'Diaria', 'Todo estuvo perfecto.', 6),
(337, 4, 'Semanal', 'Todo estuvo perfecto.', 6),
(338, 12, 'Diaria', 'Todo estuvo perfecto.', 6),
(339, 22, 'Diaria', 'Muy satisfecho.', 6),
(340, 20, 'Semanal', 'Uno de mis favoritos.', 6),
(341, 12, 'Diaria', 'Excelente calidad y servicio.', 7),
(342, 6, 'Semanal', 'Muy satisfecho.', 6),
(343, 14, 'Diaria', 'Uno de mis favoritos.', 6),
(344, 18, 'Semanal', 'Uno de mis favoritos.', 6),
(345, 2, 'Diaria', 'Todo estuvo perfecto.', 7),
(346, 2, 'Semanal', 'Todo estuvo perfecto.', 7),
(347, 4, 'Semanal', 'Uno de mis favoritos.', 6),
(348, 7, 'Semanal', 'Todo estuvo perfecto.', 6),
(349, 13, 'Diaria', 'Todo estuvo perfecto.', 6),
(350, 16, 'Diaria', 'Muy satisfecho.', 6),
(351, 6, 'Diaria', 'Muy satisfecho.', 7),
(352, 24, 'Semanal', 'Muy satisfecho.', 7),
(353, 7, 'Diaria', 'Excelente calidad y servicio.', 7),
(354, 10, 'Diaria', 'Muy satisfecho.', 7),
(355, 2, 'Diaria', 'Excelente calidad y servicio.', 7),
(356, 3, 'Semanal', 'Excelente calidad y servicio.', 7),
(357, 2, 'Semanal', 'Todo estuvo perfecto.', 6),
(358, 14, 'Semanal', 'Todo estuvo perfecto.', 6),
(359, 13, 'Diaria', 'Excelente calidad y servicio.', 6),
(360, 7, 'Diaria', 'Excelente calidad y servicio.', 6),
(361, 9, 'Semanal', 'Todo estuvo perfecto.', 7),
(362, 27, 'Diaria', 'Muy satisfecho.', 7),
(363, 9, 'Semanal', 'Uno de mis favoritos.', 6),
(364, 9, 'Diaria', 'Excelente calidad y servicio.', 6),
(365, 6, 'Diaria', 'Me encantó, volveré pronto.', 7),
(366, 8, 'Semanal', 'Excelente calidad y servicio.', 7),
(367, 8, 'Semanal', 'Excelente calidad y servicio.', 6),
(368, 14, 'Semanal', 'Uno de mis favoritos.', 6),
(369, 22, 'Diaria', 'Uno de mis favoritos.', 6),
(370, 3, 'Semanal', 'Excelente calidad y servicio.', 6),
(371, 20, 'Diaria', 'Me encantó, volveré pronto.', 6),
(372, 7, 'Diaria', 'Uno de mis favoritos.', 6),
(373, 9, 'Diaria', 'Todo estuvo perfecto.', 7),
(374, 8, 'Diaria', 'Muy satisfecho.', 7),
(375, 5, 'Semanal', 'Muy satisfecho.', 7),
(376, 18, 'Diaria', 'Uno de mis favoritos.', 7),
(377, 15, 'Diaria', 'Muy satisfecho.', 7),
(378, 7, 'Semanal', 'Me encantó, volveré pronto.', 7),
(379, 20, 'Semanal', 'Excelente calidad y servicio.', 6),
(380, 32, 'Semanal', 'Me encantó, volveré pronto.', 7),
(381, 18, 'Semanal', 'Excelente calidad y servicio.', 7),
(382, 3, 'Semanal', 'Uno de mis favoritos.', 6),
(383, 7, 'Diaria', 'Me encantó, volveré pronto.', 6),
(384, 22, 'Diaria', 'Me encantó, volveré pronto.', 7),
(385, 8, 'Diaria', 'Excelente calidad y servicio.', 6),
(386, 5, 'Diaria', 'Muy satisfecho.', 7),
(387, 7, 'Semanal', 'Excelente calidad y servicio.', 7),
(388, 8, 'Semanal', 'Todo estuvo perfecto.', 6),
(389, 20, 'Semanal', 'Uno de mis favoritos.', 6),
(390, 10, 'Diaria', 'Excelente calidad y servicio.', 6),
(391, 26, 'Semanal', 'Uno de mis favoritos.', 6),
(392, 5, 'Diaria', 'Uno de mis favoritos.', 7),
(393, 14, 'Semanal', 'Muy satisfecho.', 6),
(394, 11, 'Diaria', 'Uno de mis favoritos.', 6),
(395, 15, 'Diaria', 'Uno de mis favoritos.', 6),
(396, 8, 'Semanal', 'Muy satisfecho.', 7),
(397, 24, 'Semanal', 'Todo estuvo perfecto.', 7),
(398, 22, 'Diaria', 'Muy satisfecho.', 6),
(399, 19, 'Diaria', 'Uno de mis favoritos.', 7),
(400, 18, 'Diaria', 'Uno de mis favoritos.', 6),
(401, 7, 'Diaria', 'Me encantó, volveré pronto.', 6),
(402, 20, 'Semanal', 'Excelente calidad y servicio.', 6),
(403, 25, 'Diaria', 'Muy satisfecho.', 7),
(404, 9, 'Diaria', 'Excelente calidad y servicio.', 6),
(405, 5, 'Semanal', 'Muy satisfecho.', 6),
(406, 10, 'Semanal', 'Me encantó, volveré pronto.', 6),
(407, 22, 'Diaria', 'Todo estuvo perfecto.', 7),
(408, 19, 'Diaria', 'Excelente calidad y servicio.', 6),
(409, 6, 'Diaria', 'Me encantó, volveré pronto.', 7),
(410, 10, 'Semanal', 'Muy satisfecho.', 7),
(411, 3, 'Diaria', 'Uno de mis favoritos.', 7),
(412, 2, 'Semanal', 'Todo estuvo perfecto.', 7),
(413, 20, 'Semanal', 'Todo estuvo perfecto.', 6),
(414, 8, 'Diaria', 'Muy satisfecho.', 6),
(415, 15, 'Diaria', 'Excelente calidad y servicio.', 7),
(416, 11, 'Diaria', 'Me encantó, volveré pronto.', 7),
(417, 7, 'Diaria', 'Todo estuvo perfecto.', 7),
(418, 3, 'Diaria', 'Uno de mis favoritos.', 6),
(419, 5, 'Semanal', 'Todo estuvo perfecto.', 7),
(420, 16, 'Semanal', 'Excelente calidad y servicio.', 7),
(421, 7, 'Diaria', 'Muy satisfecho.', 7),
(422, 22, 'Semanal', 'Muy satisfecho.', 7),
(423, 2, 'Semanal', 'Todo estuvo perfecto.', 6),
(424, 17, 'Semanal', 'Todo estuvo perfecto.', 6),
(425, 17, 'Semanal', 'Uno de mis favoritos.', 6),
(426, 10, 'Semanal', 'Me encantó, volveré pronto.', 7),
(427, 11, 'Semanal', 'Uno de mis favoritos.', 6),
(428, 13, 'Diaria', 'Muy satisfecho.', 7),
(429, 2, 'Semanal', 'Me encantó, volveré pronto.', 6),
(430, 10, 'Semanal', 'Muy satisfecho.', 6),
(431, 17, 'Diaria', 'Excelente calidad y servicio.', 7),
(432, 11, 'Diaria', 'Uno de mis favoritos.', 7),
(433, 8, 'Diaria', 'Uno de mis favoritos.', 6),
(434, 27, 'Semanal', 'Todo estuvo perfecto.', 7),
(435, 18, 'Semanal', 'Excelente calidad y servicio.', 6),
(436, 6, 'Semanal', 'Muy satisfecho.', 6),
(437, 6, 'Diaria', 'Me encantó, volveré pronto.', 6),
(438, 2, 'Diaria', 'Uno de mis favoritos.', 6),
(439, 5, 'Semanal', 'Excelente calidad y servicio.', 7),
(440, 22, 'Diaria', 'Uno de mis favoritos.', 7),
(441, 12, 'Diaria', 'Muy satisfecho.', 7),
(442, 8, 'Semanal', 'Excelente calidad y servicio.', 7),
(443, 20, 'Diaria', 'Muy satisfecho.', 6),
(444, 11, 'Diaria', 'Uno de mis favoritos.', 6),
(445, 16, 'Semanal', 'Todo estuvo perfecto.', 7),
(446, 2, 'Diaria', 'Todo estuvo perfecto.', 6),
(447, 1, 'Semanal', 'Uno de mis favoritos.', 6),
(448, 10, 'Semanal', 'Excelente calidad y servicio.', 7),
(449, 3, 'Semanal', 'Todo estuvo perfecto.', 7),
(450, 7, 'Diaria', 'Todo estuvo perfecto.', 6),
(451, 16, 'Diaria', 'Me encantó, volveré pronto.', 6),
(452, 24, 'Semanal', 'Excelente calidad y servicio.', 7),
(453, 31, 'Semanal', 'Uno de mis favoritos.', 6),
(454, 20, 'Semanal', 'Muy satisfecho.', 6),
(455, 21, 'Semanal', 'Muy satisfecho.', 7),
(456, 15, 'Diaria', 'Muy satisfecho.', 7),
(457, 23, 'Semanal', 'Me encantó, volveré pronto.', 7),
(458, 1, 'Diaria', 'Todo estuvo perfecto.', 7),
(459, 14, 'Semanal', 'Todo estuvo perfecto.', 6),
(460, 21, 'Semanal', 'Uno de mis favoritos.', 7),
(461, 5, 'Diaria', 'Uno de mis favoritos.', 7),
(462, 9, 'Diaria', 'Me encantó, volveré pronto.', 7),
(463, 6, 'Diaria', 'Todo estuvo perfecto.', 6),
(464, 27, 'Semanal', 'Todo estuvo perfecto.', 6),
(465, 27, 'Diaria', 'Uno de mis favoritos.', 7),
(466, 14, 'Diaria', 'Todo estuvo perfecto.', 6),
(467, 3, 'Diaria', 'Muy satisfecho.', 6),
(468, 22, 'Diaria', 'Todo estuvo perfecto.', 7),
(469, 21, 'Semanal', 'Todo estuvo perfecto.', 7),
(470, 13, 'Semanal', 'Me encantó, volveré pronto.', 6),
(471, 20, 'Diaria', 'Todo estuvo perfecto.', 6),
(472, 4, 'Diaria', 'Todo estuvo perfecto.', 6),
(473, 14, 'Diaria', 'Uno de mis favoritos.', 6),
(474, 3, 'Diaria', 'Muy satisfecho.', 7),
(475, 7, 'Diaria', 'Me encantó, volveré pronto.', 7),
(476, 8, 'Diaria', 'Me encantó, volveré pronto.', 6),
(477, 9, 'Diaria', 'Me encantó, volveré pronto.', 6),
(478, 17, 'Diaria', 'Todo estuvo perfecto.', 6),
(479, 10, 'Semanal', 'Muy satisfecho.', 7),
(480, 3, 'Semanal', 'Muy satisfecho.', 6),
(481, 22, 'Diaria', 'Me encantó, volveré pronto.', 6),
(482, 17, 'Semanal', 'Excelente calidad y servicio.', 6),
(483, 2, 'Semanal', 'Excelente calidad y servicio.', 7),
(484, 12, 'Diaria', 'Uno de mis favoritos.', 6),
(485, 22, 'Diaria', 'Uno de mis favoritos.', 6),
(486, 22, 'Diaria', 'Excelente calidad y servicio.', 7),
(487, 29, 'Diaria', 'Uno de mis favoritos.', 6),
(488, 8, 'Diaria', 'Uno de mis favoritos.', 7),
(489, 16, 'Semanal', 'Todo estuvo perfecto.', 6),
(490, 8, 'Diaria', 'Me encantó, volveré pronto.', 7),
(491, 6, 'Diaria', 'Me encantó, volveré pronto.', 6),
(492, 12, 'Diaria', 'Me encantó, volveré pronto.', 6),
(493, 9, 'Diaria', 'Muy satisfecho.', 7),
(494, 16, 'Diaria', 'Todo estuvo perfecto.', 6),
(495, 27, 'Semanal', 'Me encantó, volveré pronto.', 6),
(496, 17, 'Semanal', 'Muy satisfecho.', 6),
(497, 14, 'Diaria', 'Muy satisfecho.', 7),
(498, 14, 'Diaria', 'Uno de mis favoritos.', 6),
(499, 1, 'Diaria', 'Uno de mis favoritos.', 6),
(500, 3, 'Diaria', 'Excelente calidad y servicio.', 7);


-- VISTAS NECESARIAS PARA LOS GRÁFICOS

-- Vista 1: Producto más vendido por sucursal
CREATE VIEW Vista_MasVendidoPorSucursal AS
SELECT 
    s.Nombre_Sucursal,
    p.Nombre_Producto,
    SUM(dc.Cantidad) as Total_Vendido
FROM Sucursal s
JOIN Compra c ON s.Id_Sucursal = c.sucursal_Id_Sucursal
JOIN Detalle_Compra dc ON c.Id_Compra = dc.compra_Id_Compra
JOIN Producto p ON dc.producto_Id_Producto = p.Id_Producto
GROUP BY s.Id_Sucursal, s.Nombre_Sucursal, p.Id_Producto, p.Nombre_Producto
HAVING SUM(dc.Cantidad) = (
    SELECT MAX(total_vendido)
    FROM (
        SELECT SUM(dc2.Cantidad) as total_vendido
        FROM Detalle_Compra dc2
        JOIN Compra c2 ON dc2.compra_Id_Compra = c2.Id_Compra
        JOIN Producto p2 ON dc2.producto_Id_Producto = p2.Id_Producto
        WHERE c2.sucursal_Id_Sucursal = s.Id_Sucursal
        GROUP BY p2.Id_Producto
    ) subquery
);

-- Vista 2 Compras mayores a $40
CREATE VIEW Vista_Compras_MayoresCuarenta AS
SELECT 
    c.Id_Compra,
    cl.Nombre_Cliente,
    cl.Appaterno_Cliente,
    SUM(dc.Cantidad * p.Precio) as Total
FROM Compra c
JOIN Cliente cl ON c.cliente_Id_Cliente = cl.Id_Cliente
JOIN Detalle_Compra dc ON c.Id_Compra = dc.compra_Id_Compra
JOIN Producto p ON dc.producto_Id_Producto = p.Id_Producto
GROUP BY c.Id_Compra, cl.Id_Cliente, cl.Nombre_Cliente, cl.Appaterno_Cliente
HAVING SUM(dc.Cantidad * p.Precio) > 400 ORDER BY Total DESC;

-- VISTAS ADICIONALES PARA MÁS GRÁFICOS

-- Vista 3: Ventas por categoría de producto
CREATE VIEW Vista_VentasPorCategoria AS
SELECT 
    cp.Nombre_Categoria,
    COUNT(dc.Id_Detalle) as Cantidad_Ventas,
    SUM(dc.Cantidad * p.Precio) as Total_Ventas
FROM Categoria_Producto cp
JOIN Producto p ON cp.Id_Categoria = p.categoria_producto_Id_Categoria
JOIN Detalle_Compra dc ON p.Id_Producto = dc.producto_Id_Producto
GROUP BY cp.Id_Categoria, cp.Nombre_Categoria
ORDER BY Total_Ventas DESC;

-- Vista 4: Ventas por método de pago
CREATE VIEW Vista_VentasPorMetodoPago AS
SELECT 
    p.Metodo_Pago,
    COUNT(c.Id_Compra) as Cantidad_Compras,
    SUM(dc.Cantidad * pr.Precio) as Total_Recaudado
FROM Pago p
JOIN Compra c ON p.Id_Pago = c.pago_Id_Pago
JOIN Detalle_Compra dc ON c.Id_Compra = dc.compra_Id_Compra
JOIN Producto pr ON dc.producto_Id_Producto = pr.Id_Producto
GROUP BY p.Id_Pago, p.Metodo_Pago
ORDER BY Total_Recaudado DESC;

-- FUNCIONES

-- Función para calcular el total de ventas de una sucursal
CREATE OR REPLACE FUNCTION CalcularTotalVentasSucursal(sucursal_id INT)
RETURNS NUMERIC AS $$
DECLARE
    total NUMERIC := 0;
BEGIN
    SELECT COALESCE(SUM(dc.Cantidad * p.Precio), 0) INTO total
    FROM Compra c
    JOIN Detalle_Compra dc ON c.Id_Compra = dc.compra_Id_Compra
    JOIN Producto p ON dc.producto_Id_Producto = p.Id_Producto
    WHERE c.sucursal_Id_Sucursal = sucursal_id;
    
    RETURN total;
END;
$$ LANGUAGE plpgsql;

-- Función para obtener productos favoritos de un cliente
CREATE OR REPLACE FUNCTION ObtenerProductosFavoritosCliente(cliente_id INT)
RETURNS TABLE (
    nombre_producto VARCHAR(50),
    valoracion INT,
    comentario VARCHAR(200)
) AS $$
BEGIN
    RETURN QUERY
    SELECT p.Nombre_Producto, pc.Valoracion, pc.Comentario
    FROM Preferencia_Cliente pc
    JOIN Producto p ON pc.Id_Producto_Favorito = p.Id_Producto
    WHERE pc.Id_Cliente = cliente_id
    ORDER BY pc.Valoracion DESC;
END;
$$ LANGUAGE plpgsql;

-- TRIGGERS

-- Trigger para actualizar automáticamente la fecha de compra
CREATE OR REPLACE FUNCTION actualizar_fecha_compra()
RETURNS TRIGGER AS $$
BEGIN
    NEW.Fecha_Compra = CURRENT_DATE;
    NEW.Hora_Compra = CURRENT_TIME;
    RETURN NEW;
END;
$$ LANGUAGE plpgsql;

CREATE TRIGGER trigger_actualizar_fecha_compra
    BEFORE INSERT ON Compra
    FOR EACH ROW
    EXECUTE FUNCTION actualizar_fecha_compra();

-- Trigger para validar que la cantidad sea positiva
CREATE OR REPLACE FUNCTION validar_cantidad_positiva()
RETURNS TRIGGER AS $$
BEGIN
    IF NEW.Cantidad <= 0 THEN
        RAISE EXCEPTION 'La cantidad debe ser mayor a 0';
    END IF;
    RETURN NEW;
END;
$$ LANGUAGE plpgsql;

CREATE TRIGGER trigger_validar_cantidad
    BEFORE INSERT OR UPDATE ON Detalle_Compra
    FOR EACH ROW
    EXECUTE FUNCTION validar_cantidad_positiva();

-- PROCEDIMIENTOS ALMACENADOS

-- Procedimiento para registrar una nueva compra completa
CREATE OR REPLACE PROCEDURE RegistrarCompra(
    p_cliente_id INT,
    p_sucursal_id INT,
    p_pago_id INT,
    p_productos JSON
)
LANGUAGE plpgsql
AS $$
DECLARE
    nueva_compra_id INT;
    producto_record RECORD;
BEGIN
    -- Insertar la compra
    INSERT INTO Compra (cliente_Id_Cliente, sucursal_Id_Sucursal, pago_Id_Pago)
    VALUES (p_cliente_id, p_sucursal_id, p_pago_id)
    RETURNING Id_Compra INTO nueva_compra_id;
    
    -- Insertar los detalles de la compra
    FOR producto_record IN 
        SELECT * FROM json_array_elements(p_productos) AS p(producto_id INT, cantidad INT)
    LOOP
        INSERT INTO Detalle_Compra (Cantidad, producto_Id_Producto, compra_Id_Compra)
        VALUES (producto_record.cantidad, producto_record.producto_id, nueva_compra_id);
    END LOOP;
    
    COMMIT;
END;
$$;

-- Procedimiento para generar reporte de ventas por fecha
CREATE OR REPLACE PROCEDURE GenerarReporteVentas(
    p_fecha_inicio DATE,
    p_fecha_fin DATE
)
LANGUAGE plpgsql
AS $$
DECLARE
    total_ventas NUMERIC;
    total_compras INT;
BEGIN
    SELECT 
        COALESCE(SUM(dc.Cantidad * p.Precio),0),
        COUNT(DISTINCT c.Id_Compra)
    INTO total_ventas, total_compras
    FROM Compra c
    JOIN Detalle_Compra dc ON c.Id_Compra = dc.compra_Id_Compra
    JOIN Producto p ON dc.producto_Id_Producto = p.Id_Producto
    WHERE c.Fecha_Compra BETWEEN p_fecha_inicio AND p_fecha_fin;
    
    RAISE NOTICE 'Reporte de ventas del % al %', p_fecha_inicio, p_fecha_fin;
    RAISE NOTICE 'Total de ventas: $%', total_ventas;
    RAISE NOTICE 'Total de compras: %', total_compras;
    RAISE NOTICE 'Promedio por compra: $%', CASE WHEN total_compras > 0 THEN total_ventas / total_compras ELSE 0 END;
END;
$$; 